Herb,Drug,Risk,Effects,Evidence_Count,PMIDs
Abelmoschus manihot,Midazolam,High,Negative,1,21680781
Acacia catechu,Aspirin,Medium,Possible,1,32325408
Acacia nilotica,Midazolam,High,Negative,1,21680781
Acanthus ilicifolius,Midazolam,High,Negative,1,21680781
Acanthus ilicifolius,Tacrolimus,High,Harmful,1,32930420
Achillea millefolium,Tacrolimus,High,Harmful,1,32930420
Acorus calamus,Acetaminophen,Low,No Effect,1,18480186
Acorus calamus,Everolimus,High,Harmful,1,29112694
Acorus calamus,Flurbiprofen,Low,No Effect,1,18480186
Acorus calamus,Midazolam,Low,No Effect,1,18480186
Acorus calamus,Phenylephrine,Medium,Possible,1,30368855
Acorus calamus,Talinolol,High,Negative,1,17468862
Actaea Racemosa,Digoxin,Low,No Effect,1,16221754
Actinidia arguta,Aspirin,Medium,Possible,1,32325408
Actinidia callosa var. henryi,Aspirin,Medium,Possible,1,32325408
Actinidia chrysantha,Aspirin,Medium,Possible,1,32325408
Actinidia deliciosa,Aspirin,Medium,Possible,1,32325408
Actinidia eriantha,Aspirin,Medium,Possible,1,32325408
Actinidia glaucophylla,Aspirin,Medium,Possible,1,32325408
Actinidia latifolia,Aspirin,Medium,Possible,1,32325408
Actinidia rubricaulis var. coriacea,Aspirin,Medium,Possible,1,32325408
Adenanthera pavonina,Tacrolimus,High,Harmful,1,32930420
Adonis amurensis,Tacrolimus,High,Harmful,1,32930420
Ageratum conyzoides,Midazolam,High,Negative,1,21680781
Ailanthi Altissimae Fructus,Midazolam,High,Negative,1,21680781
Aloe,Clevidipine,High,Negative,1,28892755
Aloe,Midazolam,High,Negative,1,21680781
Alpiniae Officirum Rhizome,Acetaminophen,Low,No Effect,1,18480186
Alpiniae Officirum Rhizome,Everolimus,High,Harmful,1,29112694
Alpiniae Officirum Rhizome,Flurbiprofen,Low,No Effect,1,18480186
Alpiniae Officirum Rhizome,Midazolam,High,"Negative, No Effect",2,"18480186, 21680781"
Alpiniae Officirum Rhizome,Phenylephrine,Medium,Possible,1,30368855
Alpiniae Officirum Rhizome,Talinolol,High,Negative,1,17468862
Amberboa ramosa,Tacrolimus,High,Harmful,1,32930420
American Ginseng,Warfarin,Medium,Possible,1,15238367
Ampelopsis brevipedunculata,Midazolam,High,Negative,1,21680781
Ampelopsis brevipedunculata,Tacrolimus,High,Harmful,1,32930420
Ampelopsis grossedentata,Midazolam,High,Negative,1,21680781
Ampelopsis megalophylla,Midazolam,High,Negative,1,21680781
Ancistrocladus korupensis,Doxorubicin,Medium,Possible,1,25947916
Andrographis elongata,Doxorubicin,Medium,Possible,1,25947916
Angelica Sinensis,Warfarin,High,Harmful,1,10675182
Angelica sinensis,Aspirin,Low,No Effect,1,28732813
Angelicae Tenuissima Radix,Caffeine,High,Negative,1,19422358
Angelicae Tenuissima Radix,Chlorzoxazone,Low,No Effect,1,19422358
Angelicae Tenuissima Radix,Dextromethorphan,Low,No Effect,1,19422358
Angelicae Tenuissima Radix,Losartan,Low,No Effect,1,19422358
Angelicae Tenuissima Radix,Midazolam,Low,No Effect,1,19422358
Angelicae Tenuissima Radix,Omeprazole,Low,No Effect,1,19422358
Anthriscus sylvestris,Aluminum Hydroxide,Medium,Possible,1,6834247
Apis mellifera ligustica,Midazolam,High,Negative,1,21680781
Apis mellifera ligustica,Tacrolimus,High,Harmful,1,32930420
Apium graveolens,Tacrolimus,High,Harmful,1,32930420
Apium graveolens var. dulce,Tacrolimus,High,Harmful,1,32930420
Apocynum venetum,Midazolam,High,Negative,1,21680781
Aquilaria sinensis,Doxorubicin,Medium,Possible,1,25947916
Aquilegia ecalcarata,Doxorubicin,Medium,Possible,1,25947916
Aquilegia ecalcarata,Tacrolimus,High,Harmful,1,32930420
Arachis hypogaea,Doxorubicin,Medium,Possible,2,25947916
Arctium Lappa,Busulfan,High,Harmful,1,24185586
Ardisia colorata,Midazolam,High,Negative,1,21680781
Ardisia japonica,Midazolam,High,Negative,1,21680781
Ardisiae japonicae,Midazolam,High,Negative,1,21680781
Aronia Melanocarpa,Trabectedin,High,Harmful,1,23899130
Artemisia Annua,Omeprazole,High,Negative,1,9728896
Artemisia Capillaris,Omeprazole,High,Negative,1,17883958
Artemisia annua,Clevidipine,High,Negative,1,28892755
Artemisia annua,Doxorubicin,Medium,Possible,1,25947916
Artemisia annua,Midazolam,High,Negative,1,21680781
Asparagus cochinchinensis [Syn. Asparagus lucidus ],Midazolam,High,Negative,1,21680781
Aspongopus,Alendronic Acid,High,Negative,1,7554702
Aspongopus,Lusutrombopag,Low,No Effect,1,31566757
BAI HUA SHUI FEI JI,Caffeine,Low,No Effect,1,25028567
BAI HUA SHUI FEI JI,Dextromethorphan,Low,No Effect,1,25028567
BAI HUA SHUI FEI JI,Midazolam,Low,No Effect,1,25028567
BAI HUA SHUI FEI JI,Nifedipine,Low,No Effect,1,17968815
BAI HUA SHUI FEI JI,Tolbutamide,Low,No Effect,1,25028567
Bacopa monniera,Doxorubicin,Medium,Possible,1,25947916
Bacopa monniera,Tacrolimus,High,Harmful,1,32930420
Bauhinia malabarica,Midazolam,High,Negative,1,21680781
Berberis amurensis,Caffeine,Low,No Effect,1,21870106
Berberis amurensis,Dextromethorphan,High,Negative,1,21870106
Berberis amurensis,Losartan,High,Negative,1,21870106
Berberis amurensis,Omeprazole,Low,No Effect,1,21870106
Berberis amurensis,Rosuvastatin,Medium,Possible,1,32292349
Berberis amurensis,Tacrolimus,High,Harmful,1,23765408
Berberis diaphana,Caffeine,Low,No Effect,1,21870106
Berberis diaphana,Dextromethorphan,High,Negative,1,21870106
Berberis diaphana,Losartan,High,Negative,1,21870106
Berberis diaphana,Omeprazole,Low,No Effect,1,21870106
Berberis diaphana,Rosuvastatin,Medium,Possible,1,32292349
Berberis diaphana,Tacrolimus,High,Harmful,1,23765408
Berberis wilsonae,Caffeine,Low,No Effect,1,21870106
Berberis wilsonae,Dextromethorphan,High,Negative,1,21870106
Berberis wilsonae,Losartan,High,Negative,1,21870106
Berberis wilsonae,Omeprazole,Low,No Effect,1,21870106
Berberis wilsonae,Rosuvastatin,Medium,Possible,1,32292349
Berberis wilsonae,Tacrolimus,High,Harmful,1,23765408
Bidens tripartita,Doxorubicin,Medium,Possible,1,25947916
Bidens tripartita,Midazolam,High,Negative,1,21680781
Bidens tripartita,Tacrolimus,High,Harmful,1,32930420
Boldo,Tacrolimus,High,Harmful,1,24981811
Borneolum syntheticum,Clevidipine,High,Negative,1,28892755
Borneolum syntheticum,Cyclosporine,Low,No Effect,1,31156436
Brandisia hancei,Doxorubicin,Medium,Possible,1,25947916
Brassica oleracea var. capitata,Doxorubicin,Medium,Possible,1,25947916
Brassica oleracea var. capitata,Midazolam,High,Negative,1,21680781
Broussonetia papyrifera,Phenylephrine,Medium,Possible,1,30368855
Buddleia officinalis Maxim,Tacrolimus,High,Harmful,1,32930420
Bulbus Allii Macrostemi,Midazolam,High,Negative,1,21680781
Bulbus Fritillariae Cirrhosae,Midazolam,Medium,Possible,1,21943317
Bulbus Fritillariae Cirrhosae,Talinolol,Medium,Possible,1,21943317
Bupleurum sibiricum,Midazolam,High,Negative,1,21680781
Bupleurum smithii var. parvifolium,Midazolam,High,Negative,1,21680781
CUI TU LUO FU MU,Clonidine,High,Harmful,1,25336552
Cacumen Tamaricis,Midazolam,High,Negative,1,21680781
Cacumen et Folium Biotae,Midazolam,High,Negative,1,21680781
Cacumen et Folium Biotae,Tacrolimus,High,Harmful,1,32930420
Caesalpinia sappan,Midazolam,High,Negative,1,21680781
Calcitum,Alendronic Acid,High,Negative,1,7554702
Calcitum,Lusutrombopag,Low,No Effect,1,31566757
Calycis Melo,Fexofenadine,High,Negative,1,17301733
Calycis Melo,Nisoldipine,Low,No Effect,1,8275614
Calyx Kaki,Midazolam,High,Negative,1,21680781
Camellia sinensis [Syn. Thea sinensis],Aspirin,Medium,Possible,1,32325408
Camellia sinensis [Syn. Thea sinensis],Buspirone,Low,No Effect,1,17164372
Camellia sinensis [Syn. Thea sinensis],Caffeine,Low,No Effect,1,17164372
Camellia sinensis [Syn. Thea sinensis],Dextromethorphan,Low,No Effect,1,17164372
Camellia sinensis [Syn. Thea sinensis],Ibuprofen,Low,No Effect,3,30897305
Camellia sinensis [Syn. Thea sinensis],Losartan,Low,No Effect,1,17164372
Camellia sinensis [Syn. Thea sinensis],Nadolol,High,Negative,2,29480324
Camellia sinensis [Syn. Thea sinensis],Potassium,Medium,Possible,3,3297472
Camellia sinensis [Syn. Thea sinensis],Rosuvastatin,Medium,Possible,4,"28533679, 32407265"
Camellia sinensis [Syn. Thea sinensis],Sodium Chloride,Medium,Possible,3,3297472
Camellia sinensis var. assamica,Ibuprofen,Low,No Effect,1,30897305
Camellia sinensis var. assamica,Potassium,Medium,Possible,1,3297472
Camellia sinensis var. assamica,Sodium Chloride,Medium,Possible,1,3297472
Campsis grandiflora,Tacrolimus,High,Harmful,1,32930420
Camptotheca acuminata,Midazolam,High,Negative,1,21680781
Cannabis sativa,Acetaminophen,Low,No Effect,1,18480186
Cannabis sativa,Carbamazepine,Medium,Possible,1,19283724
Cannabis sativa,Flurbiprofen,Low,No Effect,1,18480186
Cannabis sativa,Midazolam,Medium,"No Effect, Possible",2,"18480186, 24398010"
Cannabis sativa,Phenytoin,Medium,Possible,2,16767797
Caragana tibetica,Phenylephrine,Medium,Possible,1,30368855
Catechu,Midazolam,High,Negative,1,21680781
Caulis Clematidis Armandii,Clevidipine,High,Negative,1,28892755
Caulis Clematidis Armandii,Cyclosporine,Low,No Effect,1,31156436
Caulis Genkwa,Acetaminophen,Low,No Effect,1,18480186
Caulis Genkwa,Everolimus,High,Harmful,1,29112694
Caulis Genkwa,Flurbiprofen,Low,No Effect,1,18480186
Caulis Genkwa,Midazolam,Low,No Effect,1,18480186
Caulis Genkwa,Phenylephrine,Medium,Possible,1,30368855
Caulis Genkwa,Talinolol,High,Negative,1,17468862
Caulis Mahoniae,Caffeine,Low,No Effect,1,21870106
Caulis Mahoniae,Dextromethorphan,High,Negative,1,21870106
Caulis Mahoniae,Losartan,High,Negative,1,21870106
Caulis Mahoniae,Midazolam,Medium,Possible,1,21943317
Caulis Mahoniae,Omeprazole,Low,No Effect,1,21870106
Caulis Mahoniae,Rosuvastatin,Medium,Possible,1,32292349
Caulis Mahoniae,Tacrolimus,High,Harmful,1,23765408
Caulis Mahoniae,Talinolol,Medium,Possible,1,21943317
Caulis Millettiae; Caulis spatholobi,Doxorubicin,Medium,Possible,1,25947916
Caulis Millettiae; Caulis spatholobi,Midazolam,Medium,Possible,1,21943317
Caulis Millettiae; Caulis spatholobi,Talinolol,Medium,Possible,1,21943317
Caulis Trachelospermi,Doxorubicin,Medium,Possible,1,25947916
Caulis Trachelospermi,Tacrolimus,High,Harmful,1,32930420
Centella Asiatica,Venlafaxine,High,Harmful,1,25029655
Cephalotaxus fortunei,Tacrolimus,High,Harmful,1,32930420
Cephalotaxus wilsoniana,Tacrolimus,High,Harmful,1,32930420
Chamaecyparis pisifera,Tacrolimus,High,Harmful,1,32930420
Chelidonii Herba,Caffeine,Low,No Effect,1,21870106
Chelidonii Herba,Dextromethorphan,High,Negative,1,21870106
Chelidonii Herba,Losartan,High,Negative,1,21870106
Chelidonii Herba,Omeprazole,Low,No Effect,1,21870106
Chelidonii Herba,Rosuvastatin,Medium,Possible,1,32292349
Chelidonii Herba,Tacrolimus,High,Harmful,1,23765408
Chrysanthemum boreale,Tacrolimus,High,Harmful,1,32930420
Chrysanthemum indicum,Doxorubicin,Medium,Possible,1,25947916
Chrysanthemum indicum,Midazolam,High,Negative,1,21680781
Chrysanthemum indicum,Tacrolimus,High,Harmful,1,32930420
Chrysanthemum morifoliumRamat,Doxorubicin,Medium,Possible,1,25947916
Cimicifuga Racemosa,Caffeine,Low,No Effect,1,15900287
Cimicifuga Racemosa,Chlorzoxazone,Low,No Effect,1,15900287
Cimicifuga Racemosa,Debrisoquin,Medium,"No Effect, Possible",2,"15900287, 18214849"
Cimicifuga Racemosa,Midazolam,Low,No Effect,1,15900287
Citrus reticulata,Fexofenadine,High,Negative,1,17301733
Citrus reticulata,Nisoldipine,Low,No Effect,1,8275614
Clerodendron cyrtophyllum,Doxorubicin,Medium,Possible,1,25947916
Clerodendron cyrtophyllum,Midazolam,High,Negative,1,21680781
Cnicus Benedictus,Busulfan,High,Harmful,1,24185586
Coffea arabica,Ibuprofen,Low,No Effect,1,30897305
Coffea arabica,Potassium,Medium,Possible,1,3297472
Coffea arabica,Sodium Chloride,Medium,Possible,1,3297472
Coffea excelsa,Ibuprofen,Low,No Effect,1,30897305
Coffea excelsa,Potassium,Medium,Possible,1,3297472
Coffea excelsa,Sodium Chloride,Medium,Possible,1,3297472
Coffea liberica,Ibuprofen,Low,No Effect,1,30897305
Coffea liberica,Potassium,Medium,Possible,1,3297472
Coffea liberica,Sodium Chloride,Medium,Possible,1,3297472
Coffee,Acetaminophen,Medium,Possible,3,8360789
Coffee,Alendronic Acid,High,Negative,3,7554702
Coffee,Anagrelide,Low,No Effect,3,23184666
Coffee,Aspirin,Medium,Possible,3,32775441
Coffee,Calcium,Medium,Possible,3,32775441
Coffee,Ergotamine,Medium,Possible,3,32775441
Coffee,Escitalopram,Medium,Possible,3,32775441
Coffee,Felodipine,Medium,Possible,3,27481881
Coffee,Halofantrine,Medium,Possible,3,32775441
Coffee,Iron,Medium,Possible,3,32775441
Coffee,Levodopa,Medium,Possible,3,32775441
Coffee,Levothyroxine,Medium,Possible,3,18341376
Coffee,Midazolam,Medium,Possible,3,32775441
Coffee,Phenothiazine,Medium,Possible,3,32775441
Coffee,Vitamin D,Medium,Possible,3,32775441
Cola acuminata,Ibuprofen,Low,No Effect,1,30897305
Cola acuminata,Potassium,Medium,Possible,1,3297472
Cola acuminata,Sodium Chloride,Medium,Possible,1,3297472
Colla carapacis et plastri testudinis,Alendronic Acid,High,Negative,1,7554702
Colla carapacis et plastri testudinis,Lusutrombopag,Low,No Effect,1,31566757
Colubrina Arborescens,Warfarin,High,Harmful,1,27543375
Concha Arcae,Alendronic Acid,High,Negative,1,7554702
Concha Arcae,Lusutrombopag,Low,No Effect,1,31566757
Concha Arcae Preparata,Alendronic Acid,High,Negative,1,7554702
Concha Arcae Preparata,Lusutrombopag,Low,No Effect,1,31566757
Concha Cyclinae,Alendronic Acid,High,Negative,1,7554702
Concha Cyclinae,Lusutrombopag,Low,No Effect,1,31566757
Concha Haliotidis,Alendronic Acid,High,Negative,1,7554702
Concha Haliotidis,Ibuprofen,Low,No Effect,1,30897305
Concha Haliotidis,Lusutrombopag,Low,No Effect,1,31566757
Concha Haliotidis,Potassium,Medium,Possible,1,3297472
Concha Haliotidis,Sodium Chloride,Medium,Possible,1,3297472
Concha Meretricis seu Cyclinae,Alendronic Acid,High,Negative,1,7554702
Concha Meretricis seu Cyclinae,Lusutrombopag,Low,No Effect,1,31566757
Concretio Silicea Bambusae,Midazolam,Medium,Possible,1,21943317
Concretio Silicea Bambusae,Talinolol,Medium,Possible,1,21943317
Conyza blinii,Midazolam,High,Negative,1,21680781
Coptis chinensis var. brevisepala,Caffeine,Low,No Effect,1,21870106
Coptis chinensis var. brevisepala,Dextromethorphan,High,Negative,1,21870106
Coptis chinensis var. brevisepala,Losartan,High,Negative,1,21870106
Coptis chinensis var. brevisepala,Omeprazole,Low,No Effect,1,21870106
Coptis chinensis var. brevisepala,Rosuvastatin,Medium,Possible,1,32292349
Coptis chinensis var. brevisepala,Tacrolimus,High,Harmful,1,23765408
Coptis teetoides [Syn. Coptis teeta],Caffeine,Low,No Effect,1,21870106
Coptis teetoides [Syn. Coptis teeta],Dextromethorphan,High,Negative,1,21870106
Coptis teetoides [Syn. Coptis teeta],Losartan,High,Negative,1,21870106
Coptis teetoides [Syn. Coptis teeta],Omeprazole,Low,No Effect,1,21870106
Coptis teetoides [Syn. Coptis teeta],Rosuvastatin,Medium,Possible,1,32292349
Coptis teetoides [Syn. Coptis teeta],Tacrolimus,High,Harmful,1,23765408
Cordyceps,Aspirin,Medium,Possible,1,32325408
Cordyceps,Caffeine,Low,No Effect,1,21870106
Cordyceps,Dextromethorphan,High,Negative,1,21870106
Cordyceps,Ibuprofen,Low,No Effect,1,30897305
Cordyceps,Losartan,High,Negative,1,21870106
Cordyceps,Omeprazole,Low,No Effect,1,21870106
Cordyceps,Potassium,Medium,Possible,1,3297472
Cordyceps,Rosuvastatin,Medium,Possible,1,32292349
Cordyceps,Sodium Chloride,Medium,Possible,1,3297472
Cordyceps,Tacrolimus,High,Harmful,1,23765408
Coriandri Sativi Herba,Midazolam,High,Negative,1,21680781
Cornu Cervi,Alendronic Acid,High,Negative,1,7554702
Cornu Cervi,Lusutrombopag,Low,No Effect,1,31566757
Cortex Eucommiae,Caffeine,Low,No Effect,1,21870106
Cortex Eucommiae,Clevidipine,High,Negative,1,28892755
Cortex Eucommiae,Dextromethorphan,High,Negative,1,21870106
Cortex Eucommiae,Losartan,High,Negative,1,21870106
Cortex Eucommiae,Midazolam,High,"Negative, Possible",2,"21680781, 21943317"
Cortex Eucommiae,Omeprazole,Low,No Effect,1,21870106
Cortex Eucommiae,Rosuvastatin,Medium,Possible,1,32292349
Cortex Eucommiae,Tacrolimus,High,Harmful,1,23765408
Cortex Eucommiae,Talinolol,Medium,Possible,1,21943317
Cortex Illicii,Caffeine,Low,No Effect,1,21870106
Cortex Illicii,Dextromethorphan,High,Negative,1,21870106
Cortex Illicii,Losartan,High,Negative,1,21870106
Cortex Illicii,Omeprazole,Low,No Effect,1,21870106
Cortex Illicii,Rosuvastatin,Medium,Possible,1,32292349
Cortex Illicii,Tacrolimus,High,Harmful,1,23765408
Cortex Lycii Radicis,Midazolam,High,Negative,1,20393696
Cortex Lycii Radicis,Tacrolimus,High,Harmful,1,32930420
Cortex Lycii Radicis,Talinolol,Low,No Effect,1,22983284
Cortex Magnoliae officilis,Clevidipine,High,Negative,1,28892755
Cortex Moutan,Midazolam,High,Negative,1,21680781
Cortex Phellodendri,Caffeine,Low,No Effect,1,21870106
Cortex Phellodendri,Dextromethorphan,High,Negative,1,21870106
Cortex Phellodendri,Losartan,High,Negative,1,21870106
Cortex Phellodendri,Omeprazole,Low,No Effect,1,21870106
Cortex Phellodendri,Rosuvastatin,Medium,Possible,1,32292349
Cortex Phellodendri,Tacrolimus,High,Harmful,1,23765408
Cortex Tooe Sinensis,Midazolam,High,Negative,1,21680781
Cortex erythrie,Midazolam,Medium,Possible,1,21943317
Cortex erythrie,Talinolol,Medium,Possible,1,21943317
Corydalis ledebouriana,Caffeine,Low,No Effect,1,21870106
Corydalis ledebouriana,Dextromethorphan,High,Negative,1,21870106
Corydalis ledebouriana,Losartan,High,Negative,1,21870106
Corydalis ledebouriana,Omeprazole,Low,No Effect,1,21870106
Corydalis ledebouriana,Rosuvastatin,Medium,Possible,1,32292349
Corydalis ledebouriana,Tacrolimus,High,Harmful,1,23765408
Corydalis longicalcarata,Caffeine,Low,No Effect,1,21870106
Corydalis longicalcarata,Dextromethorphan,High,Negative,1,21870106
Corydalis longicalcarata,Losartan,High,Negative,1,21870106
Corydalis longicalcarata,Omeprazole,Low,No Effect,1,21870106
Corydalis longicalcarata,Rosuvastatin,Medium,Possible,1,32292349
Corydalis longicalcarata,Tacrolimus,High,Harmful,1,23765408
Corydalis remota [Syn. Corydalis bulbosa var. typica ],Caffeine,Low,No Effect,1,21870106
Corydalis remota [Syn. Corydalis bulbosa var. typica ],Dextromethorphan,High,Negative,1,21870106
Corydalis remota [Syn. Corydalis bulbosa var. typica ],Losartan,High,Negative,1,21870106
Corydalis remota [Syn. Corydalis bulbosa var. typica ],Omeprazole,Low,No Effect,1,21870106
Corydalis remota [Syn. Corydalis bulbosa var. typica ],Rosuvastatin,Medium,Possible,1,32292349
Corydalis remota [Syn. Corydalis bulbosa var. typica ],Tacrolimus,High,Harmful,1,23765408
Corydalis rosea,Clevidipine,High,Negative,1,28892755
Craibiodendron yunnanese,Midazolam,High,Negative,1,21680781
Crassostrea gigas,Alendronic Acid,High,Negative,1,7554702
Crassostrea gigas,Lusutrombopag,Low,No Effect,1,31566757
Crataegi Folium,Midazolam,High,Negative,1,21680781
Crataegus cuneata,Clevidipine,High,Negative,1,28892755
Crataegus oxyacantha,Digoxin,Low,No Effect,1,12817526
Crataegus pinnatifida,Clevidipine,High,Negative,1,28892755
Croton tiglium L.,Aspirin,Medium,Possible,1,32325408
Cryptotaenia japonica,Doxorubicin,Medium,Possible,1,25947916
Cryptotaenia japonica,Tacrolimus,High,Harmful,1,32930420
Curcuma zedoaria Rosc,Acetaminophen,Low,No Effect,1,18480186
Curcuma zedoaria Rosc,Everolimus,High,Harmful,1,29112694
Curcuma zedoaria Rosc,Flurbiprofen,Low,No Effect,1,18480186
Curcuma zedoaria Rosc,Midazolam,Low,No Effect,1,18480186
Curcuma zedoaria Rosc,Phenylephrine,Medium,Possible,1,30368855
Curcuma zedoaria Rosc,Talinolol,High,Negative,1,17468862
Cuscuta australis,Midazolam,High,Negative,1,21680781
Cuscuta japonica,Midazolam,High,Negative,1,21680781
Cuscuta lupuliformis,Midazolam,High,Negative,1,21680781
Cynanchum chinense,Tacrolimus,High,Harmful,1,32930420
Cynanchum thesioides,Midazolam,High,Negative,1,21680781
DANG GUI,Warfarin,High,Harmful,1,10417036
Daphne genkwa,Tacrolimus,High,Harmful,1,32930420
Derris scandens,Midazolam,Medium,Possible,1,21943317
Derris scandens,Talinolol,Medium,Possible,1,21943317
Dictamni Cortex,Midazolam,High,Negative,1,21680781
Diospyros kaki,Midazolam,High,"Negative, Possible",2,"21680781, 21943317"
Diospyros kaki,Talinolol,Medium,Possible,1,21943317
Dysosma veitchii,Midazolam,High,Negative,1,21680781
Dysosma versipellis [Syn. Podophyllum versipelle ],Clevidipine,High,Negative,1,28892755
Dysosma versipellis [Syn. Podophyllum versipelle ],Midazolam,High,Negative,1,21680781
Dysosmae Verspiellis Rhixoma Et Radix,Clevidipine,High,Negative,1,28892755
Dysosmae Verspiellis Rhixoma Et Radix,Midazolam,High,Negative,1,21680781
Echinacea,Caffeine,Medium,Possible,2,"14749695, 15536458"
Echinacea,Chlorzoxazone,Medium,Possible,1,15536458
Echinacea,Darunavir,Low,No Effect,1,21078942
Echinacea,Debrisoquin,Medium,"No Effect, Possible",2,"15536458, 18214849"
Echinacea,Dextromethorphan,Low,No Effect,1,14749695
Echinacea,Docetaxel,Low,No Effect,1,23701184
Echinacea,Etravirine,Low,No Effect,1,22869560
Echinacea,Fexofenadine,Low,No Effect,1,20653355
Echinacea,Lopinavir,Low,No Effect,1,20653355
Echinacea,Midazolam,High,"Negative, Possible",3,"14749695, 15536458, 20653355"
Echinacea,Ritonavir,Low,No Effect,2,"20653355, 21078942"
Echinacea,Tolbutamide,Medium,Possible,1,14749695
Echinacea,Warfarin,Low,No Effect,1,20573086
Eleutherococcus senticosus,Midazolam,High,Negative,1,21680781
Epimedium sagittatum,Midazolam,High,Negative,1,21680781
Equisetum Arvense,Efavirenz,High,Harmful,2,27903949
Equisetum Arvense,Emtricitabine,High,Harmful,1,27903949
Equisetum Arvense,Lamivudine,High,Harmful,1,27903949
Equisetum Arvense,Tenofovir,High,Harmful,1,27903949
Equisetum Arvense,Zidovudine,High,Harmful,1,27903949
Erigeron multiradiatus,Doxorubicin,Medium,Possible,1,25947916
Erigeron multiradiatus,Midazolam,High,Negative,1,21680781
Erigeron multiradiatus,Tacrolimus,High,Harmful,1,32930420
Eriocheir Sinensis seu Poramon,Alendronic Acid,High,Negative,1,7554702
Eriocheir Sinensis seu Poramon,Lusutrombopag,Low,No Effect,1,31566757
Erodium stephanianum,Midazolam,High,Negative,1,21680781
Erythrina arborescens,Midazolam,Medium,Possible,1,21943317
Erythrina arborescens,Talinolol,Medium,Possible,1,21943317
Erythrina latissima,Midazolam,Medium,Possible,1,21943317
Erythrina latissima,Talinolol,Medium,Possible,1,21943317
Eupatorium lindleyanum,Midazolam,High,Negative,1,21680781
Eurycoma Longifolia,Propranolol,High,Negative,1,21054461
Exocarpium Citri grandis,Fexofenadine,High,Negative,1,17301733
Exocarpium Citri grandis,Nisoldipine,Low,No Effect,1,8275614
Exocarpium Citri grandis,Tacrolimus,High,Harmful,1,32930420
Fagopyrum tataricum,Clevidipine,High,Negative,1,28892755
Fagopyrum tataricum,Doxorubicin,Medium,Possible,1,25947916
Fagopyrum tataricum,Midazolam,High,Negative,1,21680781
Firmiana simplex,Ibuprofen,Low,No Effect,2,30897305
Firmiana simplex,Potassium,Medium,Possible,2,3297472
Firmiana simplex,Sodium Chloride,Medium,Possible,2,3297472
Flemingia philippinensis [Syn. Moghania philippinensis],Midazolam,High,"Negative, Possible",2,"21680781, 21943317"
Flemingia philippinensis [Syn. Moghania philippinensis],Talinolol,Medium,Possible,1,21943317
Flemingia strobilifera,Fexofenadine,High,Negative,1,17301733
Flemingia strobilifera,Nisoldipine,Low,No Effect,1,8275614
Flos Buddlejae,Doxorubicin,Medium,Possible,1,25947916
Flos Buddlejae,Tacrolimus,High,Harmful,1,32930420
Flos Campsis,Tacrolimus,High,Harmful,1,32930420
Flos Carthami,Clevidipine,High,Negative,2,28892755
Flos Carthami,Cyclosporine,Low,No Effect,1,31156436
Flos Carthami,Doxorubicin,Medium,Possible,1,25947916
Flos Carthami,Midazolam,High,Negative,1,21680781
Flos Carthami,Tacrolimus,High,Harmful,1,32930420
Flos Caryophylli,Midazolam,High,Negative,1,21680781
Flos Celosiae cristatae,Doxorubicin,Medium,Possible,1,25947916
Flos Celosiae cristatae,Tacrolimus,High,Harmful,1,32930420
Flos Chrysanthemi,Doxorubicin,Medium,Possible,2,25947916
Flos Chrysanthemi,Midazolam,High,Negative,1,21680781
Flos Chrysanthemi,Tacrolimus,High,Harmful,2,32930420
Flos Chrysanthemi Indici,Doxorubicin,Medium,Possible,1,25947916
Flos Chrysanthemi Indici,Midazolam,High,Negative,1,21680781
Flos Chrysanthemi Indici,Tacrolimus,High,Harmful,1,32930420
Flos Daturae,Midazolam,High,Negative,1,21680781
Flos Dolichoris,Doxorubicin,Medium,Possible,1,25947916
Flos Dolichoris,Tacrolimus,High,Harmful,1,32930420
Flos Eriocauli,Doxorubicin,Medium,Possible,1,25947916
Flos Eriocauli,Midazolam,High,Negative,1,21680781
Flos Firmianae plantanifoliae,Ibuprofen,Low,No Effect,1,30897305
Flos Firmianae plantanifoliae,Potassium,Medium,Possible,1,3297472
Flos Firmianae plantanifoliae,Sodium Chloride,Medium,Possible,1,3297472
Flos Firmianae plantanifoliae,Tacrolimus,High,Harmful,1,32930420
Flos Genkwa,Doxorubicin,Medium,Possible,1,25947916
Flos Genkwa,Midazolam,High,"Negative, Possible",2,"21680781, 21943317"
Flos Genkwa,Tacrolimus,High,Harmful,1,32930420
Flos Genkwa,Talinolol,Medium,Possible,1,21943317
Flos Gossampini,Doxorubicin,Medium,Possible,1,25947916
Flos Gossampini,Midazolam,High,Negative,1,21680781
Flos Gossampini,Tacrolimus,High,Harmful,1,32930420
Flos Inulae,Doxorubicin,Medium,Possible,1,25947916
Flos Inulae,Midazolam,High,Negative,1,21680781
Flos Lonicerae,Clevidipine,High,Negative,1,28892755
Flos Lonicerae,Doxorubicin,Medium,Possible,2,25947916
Flos Lonicerae,Midazolam,High,Negative,1,21680781
Flos Lonicerae,Tacrolimus,High,Harmful,1,32930420
Flos Mume,Midazolam,Medium,Possible,1,21943317
Flos Mume,Talinolol,Medium,Possible,1,21943317
Flos Rhododendri Mollis,Midazolam,High,Negative,1,21680781
Flos Rosae Rugosae,Midazolam,High,Negative,1,21680781
Flos Rosae Rugosae,Tacrolimus,High,Harmful,1,32930420
Flos Rosae chinensis,Aluminum Hydroxide,Medium,Possible,1,6834247
Flos Rosae chinensis,Midazolam,High,Negative,1,21680781
Flos Trollii chinensis,Aspirin,Medium,Possible,1,32325408
Flos Trollii chinensis,Midazolam,High,Negative,1,21680781
Folium Acanthopanacis gracilistyti,Midazolam,High,Negative,1,21680781
Folium Artemisiae Argyi,Clevidipine,High,Negative,1,28892755
Folium Artemisiae Argyi,Doxorubicin,Medium,Possible,1,25947916
Folium Artemisiae Argyi,Midazolam,High,Negative,1,21680781
Folium Artemisiae Argyi,Tacrolimus,High,Harmful,1,32930420
Folium Eriobotryae,Buspirone,Low,No Effect,1,17164372
Folium Eriobotryae,Caffeine,Low,No Effect,1,17164372
Folium Eriobotryae,Dextromethorphan,Low,No Effect,1,17164372
Folium Eriobotryae,Losartan,Low,No Effect,1,17164372
Folium Eriobotryae,Midazolam,High,Negative,1,21680781
Folium Eriobotryae,Nadolol,High,Negative,2,29480324
Folium Eriobotryae,Rosuvastatin,Medium,Possible,4,"28533679, 32407265"
Folium Ginseng,Aluminum Hydroxide,Medium,Possible,1,6834247
Folium Ginseng,Midazolam,High,Negative,1,21680781
Folium Ilicis Cornutae,Ibuprofen,Low,No Effect,1,30897305
Folium Ilicis Cornutae,Midazolam,High,Negative,1,21680781
Folium Ilicis Cornutae,Potassium,Medium,Possible,1,3297472
Folium Ilicis Cornutae,Sodium Chloride,Medium,Possible,1,3297472
Folium Llicis Chinensis,Midazolam,High,Negative,1,21680781
Folium Llicis Chinensis,Tacrolimus,High,Harmful,1,32930420
Folium Mori,Midazolam,High,Negative,1,21680781
Folium Nelumbinis,Doxorubicin,Medium,Possible,1,25947916
Folium Nelumbinis,Midazolam,High,Negative,1,21680781
Folium Pini,Caffeine,Low,No Effect,2,"21870106, 25028567"
Folium Pini,Dextromethorphan,High,"Negative, No Effect",2,"21870106, 25028567"
Folium Pini,Doxorubicin,Medium,Possible,1,25947916
Folium Pini,Losartan,High,Negative,1,21870106
Folium Pini,Midazolam,High,"Negative, No Effect",2,"21680781, 25028567"
Folium Pini,Nifedipine,Low,No Effect,1,17968815
Folium Pini,Omeprazole,Low,No Effect,1,21870106
Folium Pini,Rosuvastatin,Medium,Possible,1,32292349
Folium Pini,Tacrolimus,High,Harmful,1,23765408
Folium Pini,Tolbutamide,Low,No Effect,1,25028567
Folium Rhododendri Daurici,Midazolam,High,Negative,1,21680781
Folium Sabinae chinensis,Tacrolimus,High,Harmful,1,32930420
Folium Viticis Negundo,Phenylephrine,Medium,Possible,1,30368855
Folium Wrightiae Laevis,Midazolam,High,Negative,1,21680781
Fraxinus ornus,Midazolam,High,Negative,1,21680781
Fraxinus ornus,Tacrolimus,High,Harmful,1,32930420
Fructus Amomi,Aspirin,Medium,Possible,1,32325408
Fructus Amomi,Clevidipine,High,Negative,1,28892755
Fructus Amomi,Midazolam,High,Negative,1,21680781
Fructus Amomi Rotundus,Doxorubicin,Medium,Possible,1,25947916
Fructus Amomi Rotundus,Midazolam,High,Negative,1,21680781
Fructus Anisi Stellati,Doxorubicin,Medium,Possible,1,25947916
Fructus Anisi Stellati,Midazolam,High,Negative,1,21680781
Fructus Anisi Stellati,Phenytoin,High,Harmful,1,55569
Fructus Aurantii,Fexofenadine,High,Negative,2,17301733
Fructus Aurantii,Nisoldipine,Low,No Effect,2,8275614
Fructus Aurantii Immaturus,Doxorubicin,Medium,Possible,1,25947916
Fructus Aurantii Immaturus,Fexofenadine,High,Negative,1,17301733
Fructus Aurantii Immaturus,Nisoldipine,Low,No Effect,1,8275614
Fructus Aurantii Immaturus,Tacrolimus,High,Harmful,1,32930420
Fructus Aurantii Preparata,Fexofenadine,High,Negative,1,17301733
Fructus Aurantii Preparata,Nisoldipine,Low,No Effect,1,8275614
Fructus Bruceae,Doxorubicin,Medium,Possible,1,25947916
Fructus Bruceae,Tacrolimus,High,Harmful,1,32930420
Fructus Carpesii,Doxorubicin,Medium,Possible,1,25947916
Fructus Caryophylli,Midazolam,High,Negative,1,21680781
Fructus Chaenomelis,Midazolam,High,Negative,1,21680781
Fructus Choerospondiatis,Midazolam,High,Negative,1,21680781
Fructus Corni,Acetaminophen,Low,No Effect,1,18480186
Fructus Corni,Clevidipine,High,Negative,1,28892755
Fructus Corni,Everolimus,High,Harmful,1,29112694
Fructus Corni,Flurbiprofen,Low,No Effect,1,18480186
Fructus Corni,Midazolam,High,"Negative, No Effect",2,"18480186, 21680781"
Fructus Corni,Phenylephrine,Medium,Possible,1,30368855
Fructus Corni,Talinolol,High,Negative,1,17468862
Fructus Evodiae,Caffeine,Low,No Effect,1,21870106
Fructus Evodiae,Clevidipine,High,Negative,1,28892755
Fructus Evodiae,Dextromethorphan,High,Negative,1,21870106
Fructus Evodiae,Ibuprofen,Low,No Effect,1,30897305
Fructus Evodiae,Losartan,High,Negative,1,21870106
Fructus Evodiae,Midazolam,High,Negative,2,21680781
Fructus Evodiae,Omeprazole,Low,No Effect,1,21870106
Fructus Evodiae,Potassium,Medium,Possible,1,3297472
Fructus Evodiae,Rosuvastatin,Medium,Possible,1,32292349
Fructus Evodiae,Sodium Chloride,Medium,Possible,1,3297472
Fructus Evodiae,Tacrolimus,High,Harmful,1,23765408
Fructus Evodiae,Venlafaxine,Medium,Possible,1,35132786
Fructus Forsythiae,Clevidipine,High,Negative,1,28892755
Fructus Forsythiae,Doxorubicin,Medium,Possible,1,25947916
Fructus Forsythiae,Midazolam,High,Negative,1,21680781
Fructus Gardeniae,Clevidipine,High,Negative,1,28892755
Fructus Gardeniae,Midazolam,High,"Negative, Possible",2,"21680781, 21943317"
Fructus Gardeniae,Tacrolimus,High,Harmful,1,32930420
Fructus Gardeniae,Talinolol,Medium,Possible,1,21943317
Fructus Hordei Germitus,Doxorubicin,Medium,Possible,1,25947916
Fructus Hordei Germitus,Phenytoin,High,Harmful,1,55569
Fructus Kochiae,Midazolam,High,Negative,1,21680781
Fructus Ligustri lucidi,Clevidipine,High,Negative,1,28892755
Fructus Ligustri lucidi,Doxorubicin,Medium,Possible,1,25947916
Fructus Ligustri lucidi,Midazolam,High,Negative,2,21680781
Fructus Ligustri lucidi,Tacrolimus,High,Harmful,1,32930420
Fructus Liquidambaris,Fexofenadine,High,Negative,1,17301733
Fructus Liquidambaris,Nisoldipine,Low,No Effect,1,8275614
Fructus Lycii,Aspirin,Medium,Possible,1,32325408
Fructus Lycii,Caffeine,Low,No Effect,1,21870106
Fructus Lycii,Clevidipine,High,Negative,1,28892755
Fructus Lycii,Dextromethorphan,High,Negative,1,21870106
Fructus Lycii,Losartan,High,Negative,1,21870106
Fructus Lycii,Midazolam,High,Negative,1,21680781
Fructus Lycii,Omeprazole,Low,No Effect,1,21870106
Fructus Lycii,Rosuvastatin,Medium,Possible,1,32292349
Fructus Lycii,Tacrolimus,High,Harmful,1,23765408
Fructus Malvae,Doxorubicin,Medium,Possible,1,25947916
Fructus Malvae,Midazolam,High,Negative,1,21680781
Fructus Meliae Toosendan,Caffeine,Low,No Effect,1,21870106
Fructus Meliae Toosendan,Dextromethorphan,High,Negative,1,21870106
Fructus Meliae Toosendan,Losartan,High,Negative,1,21870106
Fructus Meliae Toosendan,Midazolam,High,Negative,1,21680781
Fructus Meliae Toosendan,Omeprazole,Low,No Effect,1,21870106
Fructus Meliae Toosendan,Rosuvastatin,Medium,Possible,1,32292349
Fructus Meliae Toosendan,Tacrolimus,High,Harmful,1,23765408
Fructus Momordicae,Acetaminophen,Low,No Effect,1,18480186
Fructus Momordicae,Everolimus,High,Harmful,1,29112694
Fructus Momordicae,Flurbiprofen,Low,No Effect,1,18480186
Fructus Momordicae,Midazolam,Low,No Effect,1,18480186
Fructus Momordicae,Phenylephrine,Medium,Possible,1,30368855
Fructus Momordicae,Talinolol,High,Negative,1,17468862
Fructus Mori,Aspirin,Medium,Possible,1,32325408
Fructus Mori,Clevidipine,High,Negative,1,28892755
Fructus Mori,Midazolam,High,Negative,1,21680781
Fructus Mume,Midazolam,High,"Negative, Possible",2,"21680781, 21943317"
Fructus Mume,Talinolol,Medium,Possible,1,21943317
Fructus Paulowniae fortunei,Doxorubicin,Medium,Possible,1,25947916
Fructus Paulowniae fortunei,Midazolam,High,Negative,1,21680781
Fructus Paulowniae fortunei,Tacrolimus,High,Harmful,1,32930420
Fructus Perillae,Doxorubicin,Medium,Possible,1,25947916
Fructus Perillae,Tacrolimus,High,Harmful,1,32930420
Fructus Phyllanthi,Buspirone,Low,No Effect,1,17164372
Fructus Phyllanthi,Caffeine,Low,No Effect,1,17164372
Fructus Phyllanthi,Dextromethorphan,Low,No Effect,1,17164372
Fructus Phyllanthi,Doxorubicin,Medium,Possible,1,25947916
Fructus Phyllanthi,Losartan,Low,No Effect,1,17164372
Fructus Phyllanthi,Midazolam,High,Negative,1,21680781
Fructus Phyllanthi,Nadolol,High,Negative,2,29480324
Fructus Phyllanthi,Rosuvastatin,Medium,Possible,4,"28533679, 32407265"
Fructus Piperis,Acetaminophen,Low,No Effect,1,18480186
Fructus Piperis,Aspirin,Medium,Possible,1,32325408
Fructus Piperis,Carbamazepine,Medium,Possible,1,19283724
Fructus Piperis,Flurbiprofen,Low,No Effect,1,18480186
Fructus Piperis,Midazolam,Medium,"No Effect, Possible",2,"18480186, 24398010"
Fructus Piperis,Phenytoin,Medium,Possible,2,16767797
Fructus Polygoni Orientalis,Midazolam,High,Negative,1,21680781
Fructus Rosae laevigatae,Midazolam,High,Negative,1,21680781
Fructus Rosae laevigatae,Tacrolimus,High,Harmful,1,32930420
Fructus Viticis,Doxorubicin,Medium,Possible,1,25947916
Fructus Viticis,Midazolam,High,Negative,1,21680781
Fructus Xanthii sibirici,Midazolam,High,Negative,1,21680781
Fructus lycii,Aspirin,Medium,Possible,1,32325408
Fructus lycii,Caffeine,Low,No Effect,1,21870106
Fructus lycii,Clevidipine,High,Negative,1,28892755
Fructus lycii,Dextromethorphan,High,Negative,1,21870106
Fructus lycii,Losartan,High,Negative,1,21870106
Fructus lycii,Midazolam,High,Negative,1,21680781
Fructus lycii,Omeprazole,Low,No Effect,1,21870106
Fructus lycii,Tacrolimus,High,Harmful,1,23765408
Fructus tsaoko,Acetaminophen,Low,No Effect,1,18480186
Fructus tsaoko,Everolimus,High,Harmful,1,29112694
Fructus tsaoko,Flurbiprofen,Low,No Effect,1,18480186
Fructus tsaoko,Midazolam,High,"Negative, No Effect",2,"18480186, 21680781"
Fructus tsaoko,Phenylephrine,Medium,Possible,1,30368855
Fructus tsaoko,Talinolol,High,Negative,1,17468862
Ganoderma Lucidum seu Japonicum,Aspirin,Medium,Possible,1,32325408
Ganoderma Lucidum seu Japonicum,Midazolam,Medium,Possible,1,21943317
Ganoderma Lucidum seu Japonicum,Talinolol,Medium,Possible,1,21943317
Garcinia dulcis,Tacrolimus,High,Harmful,1,32930420
Garcinia kola,Quinine,High,Negative,1,25328082
Genista tinctoria,Midazolam,Medium,Possible,1,21943317
Genista tinctoria,Talinolol,Medium,Possible,1,21943317
Gentiana rhodantha,Midazolam,High,Negative,1,21680781
Gentianopsis paludosa,Doxorubicin,Medium,Possible,1,25947916
Ginkgo,Alprazolam,Low,No Effect,1,14624188
Ginkgo,Aspirin,High,Harmful,1,9091822
Ginkgo,Cilostazol,Low,No Effect,1,17010102
Ginkgo,Clopidogrel,Low,No Effect,1,17010102
Ginkgo,Dextromethorphan,Low,No Effect,1,14624188
Ginkgo,Diclofenac,Low,No Effect,1,16428919
Ginkgo,Efavirenz,High,Harmful,1,19451798
Ginkgo,Fluoxetine,Low,No Effect,1,12404672
Ginkgo,Flurbiprofen,Low,No Effect,1,16432273
Ginkgo,Haloperidol,Medium,Possible,2,"11775047, 12180457"
Ginkgo,Lopinavir,Low,No Effect,1,18205997
Ginkgo,Midazolam,High,Negative,1,18205997
Ginkgo,Nifedipine,Medium,Possible,1,15577221
Ginkgo,Omeprazole,High,Negative,1,15608563
Ginkgo,Paroxetine,Low,No Effect,1,12404672
Ginkgo,Ritonavir,Low,No Effect,1,18205997
Ginkgo,Sodium Aescinate,High,Harmful,1,28144968
Ginkgo,Tolbutamide,High,"Negative, No Effect",2,"16428919, 17050793"
Ginkgo,Valproic Acid,High,Harmful,3,"11742783, 16419414"
Ginkgo,Warfarin,High,"Harmful, No Effect",2,"17050802, 9633781"
Ginkgo Biloba,Antipyrine,Low,No Effect,1,2744909
Ginkgo Biloba,Atorvastatin,Low,No Effect,1,22381135
Ginkgo Biloba,Bupropion,Low,No Effect,1,19694739
Ginkgo Biloba,Cilostazol,Low,No Effect,1,24001154
Ginkgo Biloba,Diazepam,Low,No Effect,1,20186406
Ginkgo Biloba,Fluorouracil,Medium,Possible,1,10635450
Ginkgo Biloba,Ibuprofen,High,Harmful,1,12818420
Ginkgo Biloba,Metformin,Medium,"No Effect, Possible",2,"16698134, 30034238"
Ginkgo Biloba,Midazolam,Low,No Effect,1,28105513
Ginkgo Biloba,Phenytoin,High,Harmful,1,16419414
Ginkgo Biloba,Platelet Activating Factor,High,Negative,1,2880069
Ginkgo Biloba,Raltegravir,Low,No Effect,1,22802250
Ginkgo Biloba,Simvastatin,High,Negative,1,23451885
Ginkgo Biloba,Ticlopidine,Low,No Effect,1,20206795
Ginkgo Biloba,Trazodone,High,Harmful,1,10836866
Ginkgo Biloba,Warfarin,Low,No Effect,2,"12772396, 15801937"
Ginkgo biloba,Efavirenz,High,Harmful,1,22323244
Ginkgo biloba,Midazolam,High,Negative,1,21680781
Ginseng,Alprazolam,Low,No Effect,1,12695337
Ginseng,Caffeine,Medium,Possible,1,25665208
Ginseng,Dextromethorphan,Low,No Effect,1,12695337
Ginseng,Digoxin,High,"Harmful, Possible",2,"7549378, 8705908"
Ginseng,Furosemide,High,Harmful,1,8773630
Ginseng,Insulin Human,Medium,Possible,1,8721940
Ginseng,Lamotrigine,High,Harmful,2,25756365
Ginseng,Warfarin,High,"Harmful, No Effect, Possible",8,"12711887, 15089812, 17050802, 18637764, 20635460, 23277336, 9075501"
Ginseng,Yohimbine,High,Harmful,1,24689505
Gleditsiae Fructus,Midazolam,High,Negative,1,21680781
Glycine max,Midazolam,Medium,Possible,2,21943317
Glycine max,Talinolol,Medium,Possible,2,21943317
Glycyrrhiza glabra,Hydrocortisone,Medium,Possible,1,10675182
Gnetum parvifolium,Phenylephrine,Medium,Possible,1,30368855
Guarana,Metformin,High,Negative,1,2722133
Gynostemmae Pentaphylli Herba,Clevidipine,High,Negative,1,28892755
Gynostemmae Pentaphylli Herba,Midazolam,High,Negative,1,21680781
Hamamelis virginiana,Buspirone,Low,No Effect,1,17164372
Hamamelis virginiana,Caffeine,Low,No Effect,1,17164372
Hamamelis virginiana,Dextromethorphan,Low,No Effect,1,17164372
Hamamelis virginiana,Losartan,Low,No Effect,1,17164372
Hamamelis virginiana,Nadolol,High,Negative,2,29480324
Hamamelis virginiana,Rosuvastatin,Medium,Possible,4,"28533679, 32407265"
Harpagophytum procumbens,Warfarin,High,Harmful,1,10675182
Hedysari Radix,Midazolam,High,Negative,1,21680781
Herba Acalyphae,Caffeine,Low,No Effect,1,25028567
Herba Acalyphae,Dextromethorphan,Low,No Effect,1,25028567
Herba Acalyphae,Midazolam,High,"Negative, No Effect",2,"21680781, 25028567"
Herba Acalyphae,Nifedipine,Low,No Effect,1,17968815
Herba Acalyphae,Tolbutamide,Low,No Effect,1,25028567
Herba Agrimoniae,Doxorubicin,Medium,Possible,1,25947916
Herba Agrimoniae,Midazolam,High,Negative,1,21680781
Herba Agrimoniae,Tacrolimus,High,Harmful,1,32930420
Herba Artemisiae Annuae,Doxorubicin,Medium,Possible,1,25947916
Herba Artemisiae Annuae,Midazolam,High,Negative,1,21680781
Herba Artemisiae Annuae,Tacrolimus,High,Harmful,1,32930420
Herba Artemisiae Anomalae,Doxorubicin,Medium,Possible,1,25947916
Herba Artemisiae Anomalae,Tacrolimus,High,Harmful,1,32930420
Herba Artemisiae Scopariae,Clevidipine,High,Negative,1,28892755
Herba Artemisiae Scopariae,Midazolam,High,Negative,1,21680781
Herba Bidentis,Doxorubicin,Medium,Possible,1,25947916
Herba Bidentis,Midazolam,High,Negative,1,21680781
Herba Capsellae,Clonidine,High,Harmful,1,25336552
Herba Centipedae,Fexofenadine,High,Negative,1,17301733
Herba Centipedae,Midazolam,High,Negative,1,21680781
Herba Centipedae,Nisoldipine,Low,No Effect,1,8275614
Herba Centipedae,Tacrolimus,High,Harmful,1,32930420
Herba Cichorii,Doxorubicin,Medium,Possible,1,25947916
Herba Cichorii,Midazolam,High,Negative,1,21680781
Herba Cichorii,Tacrolimus,High,Harmful,1,32930420
Herba Cirsii,Doxorubicin,Medium,Possible,1,25947916
Herba Cirsii,Midazolam,High,Negative,1,21680781
Herba Cirsii,Tacrolimus,High,Harmful,1,32930420
Herba Cirsii Japonici;Radix Cirsii Japonici;Herba seu Radix Cirsii japonici,Midazolam,High,Negative,1,21680781
Herba Cirsii Japonici;Radix Cirsii Japonici;Herba seu Radix Cirsii japonici,Tacrolimus,High,Harmful,1,32930420
Herba Cistanches,Alendronic Acid,High,Negative,1,7554702
Herba Cistanches,Lusutrombopag,Low,No Effect,1,31566757
Herba Cistanches,Midazolam,High,"Negative, Possible",2,"21680781, 21943317"
Herba Cistanches,Talinolol,Medium,Possible,1,21943317
Herba Clinopodii,Aspirin,Medium,Possible,1,32325408
Herba Clinopodii,Tacrolimus,High,Harmful,1,32930420
Herba Commelie,Doxorubicin,Medium,Possible,1,25947916
Herba Commelie,Midazolam,High,Negative,1,21680781
Herba Commelie,Tacrolimus,High,Harmful,1,32930420
Herba Ecliptae Prostratae,Doxorubicin,Medium,Possible,1,25947916
Herba Ecliptae Prostratae,Tacrolimus,High,Harmful,1,32930420
Herba Elsholtziae,Doxorubicin,Medium,Possible,1,25947916
Herba Elsholtziae,Midazolam,High,Negative,1,21680781
Herba Elsholtziae,Tacrolimus,High,Harmful,1,32930420
Herba Ephedrae,Aspirin,Medium,Possible,1,32325408
Herba Ephedrae,Doxorubicin,Medium,Possible,1,25947916
Herba Ephedrae,Midazolam,High,Negative,1,21680781
Herba Ephedrae,Tacrolimus,High,Harmful,1,32930420
Herba Equiseti Hiemalis,Doxorubicin,Medium,Possible,1,25947916
Herba Equiseti Hiemalis,Midazolam,High,Negative,1,21680781
Herba Equiseti Hiemalis,Tacrolimus,High,Harmful,1,32930420
Herba ErodiiHerba Geranii,Doxorubicin,Medium,Possible,1,25947916
Herba ErodiiHerba Geranii,Midazolam,High,Negative,1,21680781
Herba Eupatorii,Doxorubicin,Medium,Possible,1,25947916
Herba Euphorbiae humifusae,Midazolam,High,Negative,1,21680781
Herba Glechomae Longitubae,Clevidipine,High,Negative,1,28892755
Herba Glechomae Longitubae,Midazolam,High,Negative,1,21680781
Herba Glechomae Longitubae,Tacrolimus,High,Harmful,1,32930420
Herba Hedyotis Diffusae,Clevidipine,High,Negative,1,28892755
Herba Hedyotis Diffusae,Midazolam,High,Negative,1,21680781
Herba Houttuyniae,Clevidipine,High,Negative,1,28892755
Herba Houttuyniae,Doxorubicin,Medium,Possible,1,25947916
Herba Houttuyniae,Midazolam,High,Negative,1,21680781
Herba Houttuyniae,Tacrolimus,High,Harmful,1,32930420
Herba Humuli Scandentis,Aspirin,Medium,Possible,1,32325408
Herba Humuli Scandentis,Doxorubicin,Medium,Possible,1,25947916
Herba Humuli Scandentis,Tacrolimus,High,Harmful,1,32930420
Herba Hyperici Japonici,Midazolam,High,Negative,1,21680781
Herba Inulae,Doxorubicin,Medium,Possible,1,25947916
Herba Inulae,Midazolam,High,Negative,1,21680781
Herba Inulae,Tacrolimus,High,Harmful,1,32930420
Herba Lagotidis,Doxorubicin,Medium,Possible,1,25947916
Herba Lagotidis,Midazolam,High,Negative,1,21680781
Herba Lagotidis,Tacrolimus,High,Harmful,1,32930420
Herba Leonuri,Clevidipine,High,Negative,1,28892755
Herba Leonuri,Midazolam,High,Negative,1,21680781
Herba Leonuri,Tacrolimus,High,Harmful,1,32930420
Herba Lobeliae Chinensis,Doxorubicin,Medium,Possible,1,25947916
Herba Lobeliae Chinensis,Midazolam,High,Negative,1,21680781
Herba Lobeliae Chinensis,Tacrolimus,High,Harmful,1,32930420
Herba Nerviliae,Aluminum Hydroxide,Medium,Possible,1,6834247
Herba Patriniae,Doxorubicin,Medium,Possible,1,25947916
Herba Patriniae,Midazolam,High,Negative,1,21680781
Herba Patriniae,Tacrolimus,High,Harmful,1,32930420
Herba Plantaginis,Clevidipine,High,Negative,1,28892755
Herba Plantaginis,Cyclosporine,Low,No Effect,1,31156436
Herba Plantaginis,Doxorubicin,Medium,Possible,1,25947916
Herba Polygoni Avicularis,Doxorubicin,Medium,Possible,1,25947916
Herba Polygoni Avicularis,Midazolam,High,Negative,1,21680781
Herba Portulacae,Aspirin,Medium,Possible,1,32325408
Herba Portulacae,Doxorubicin,Medium,Possible,1,25947916
Herba Portulacae,Midazolam,High,Negative,1,21680781
Herba Portulacae,Tacrolimus,High,Harmful,1,32930420
Herba Potentillae Chinensis,Midazolam,High,"Negative, Possible",2,"21680781, 21943317"
Herba Potentillae Chinensis,Tacrolimus,High,Harmful,1,32930420
Herba Potentillae Chinensis,Talinolol,Medium,Possible,1,21943317
Herba Potentillae Discoloris,Doxorubicin,Medium,Possible,1,25947916
Herba Potentillae Discoloris,Midazolam,High,Negative,1,21680781
Herba Potentillae Discoloris,Tacrolimus,High,Harmful,1,32930420
Herba Pteridis multifidae,Clevidipine,High,Negative,1,28892755
Herba Pteridis multifidae,Doxorubicin,Medium,Possible,1,25947916
Herba Pteridis multifidae,Midazolam,High,Negative,1,21680781
Herba Pteridis multifidae,Tacrolimus,High,Harmful,1,32930420
Herba Sarcatidrae,Midazolam,High,Negative,1,21680781
Herba Schizonepetae,Doxorubicin,Medium,Possible,1,25947916
Herba Schizonepetae,Midazolam,High,Negative,1,21680781
Herba Schizonepetae,Tacrolimus,High,Harmful,1,32930420
Herba Scutellariae barbatae,Clevidipine,High,Negative,1,28892755
Herba Scutellariae barbatae,Cyclosporine,Low,No Effect,1,31156436
Herba Scutellariae barbatae,Doxorubicin,Medium,Possible,1,25947916
Herba Scutellariae barbatae,Midazolam,High,Negative,1,21680781
Herba Scutellariae barbatae,Tacrolimus,High,Harmful,1,32930420
Herba Sedi sarmentosi,Doxorubicin,Medium,Possible,1,25947916
Herba Sedi sarmentosi,Midazolam,High,Negative,2,"20393696, 21680781"
Herba Sedi sarmentosi,Talinolol,Low,No Effect,1,22983284
Herba Selaginellae,Midazolam,High,Negative,1,21680781
Herba Selaginellae,Tacrolimus,High,Harmful,1,32930420
Herba Serissae,Alendronic Acid,High,Negative,1,7554702
Herba Serissae,Lusutrombopag,Low,No Effect,1,31566757
Herba Siphonostegiae Chinensis,Doxorubicin,Medium,Possible,1,25947916
Herba Siphonostegiae Chinensis,Tacrolimus,High,Harmful,1,32930420
Herba Speranskiae tuberculatae,Midazolam,High,Negative,1,21680781
Herba Spirodelae,Doxorubicin,Medium,Possible,1,25947916
Herba Spirodelae,Tacrolimus,High,Harmful,1,32930420
Herba Taxilli,Midazolam,High,Negative,1,21680781
Herba Verbae,Doxorubicin,Medium,Possible,1,25947916
Herba Verbae,Midazolam,High,Negative,1,21680781
Herba Verbae,Tacrolimus,High,Harmful,1,32930420
Herba Visci,Doxorubicin,Medium,Possible,1,25947916
Herba bidentis tripartitae,Doxorubicin,Medium,Possible,1,25947916
Herba hyperici,Midazolam,High,Negative,1,21680781
Herbahypericiperforati,Caffeine,Low,No Effect,1,21870106
Herbahypericiperforati,Clevidipine,High,Negative,1,28892755
Herbahypericiperforati,Dextromethorphan,High,Negative,1,21870106
Herbahypericiperforati,Losartan,High,Negative,1,21870106
Herbahypericiperforati,Midazolam,High,Negative,1,21680781
Herbahypericiperforati,Omeprazole,Low,No Effect,1,21870106
Herbahypericiperforati,Rosuvastatin,Medium,Possible,1,32292349
Herbahypericiperforati,Tacrolimus,High,Harmful,1,23765408
Herha Ajugae Ciliatae,Doxorubicin,Medium,Possible,1,25947916
Hibiscus Flower,Erlotinib,High,Harmful,2,28434514
Hibiscus Flowers,Erlotinib,High,Harmful,2,28434514
Hibiscus Sabdariffa,Diclofenac,Medium,Possible,1,17094172
Hibiscus Sabdariffa,Simvastatin,High,Negative,1,28925046
Hippophae rhamnoides,Midazolam,High,Negative,1,21680781
Hippophae rhamnoides subsp. sinensis,Midazolam,High,Negative,1,21680781
Hippophae rhamnoides subsp. turkestanica,Midazolam,High,Negative,1,21680781
Humulus Lupulus,Alprazolam,Low,No Effect,1,32285669
Humulus Lupulus,Caffeine,Low,No Effect,1,32285669
Humulus Lupulus,Dextromethorphan,Medium,Possible,1,32285669
Humulus Lupulus,Tolbutamide,Low,No Effect,1,32285669
Hydrastis Canadensis,Caffeine,Low,No Effect,1,15900287
Hydrastis Canadensis,Chlorzoxazone,Low,No Effect,1,15900287
Hydrastis Canadensis,Debrisoquin,Medium,Possible,2,"15900287, 18214849"
Hydrastis Canadensis,Midazolam,High,"Negative, Possible",2,"15900287, 17079360"
Hydrastis Canadensis,Rosuvastatin,Medium,Possible,1,32292349
Hydrastis canadensis,Caffeine,Low,No Effect,1,21870106
Hydrastis canadensis,Dextromethorphan,High,Negative,1,21870106
Hydrastis canadensis,Furosemide,Low,No Effect,1,33174626
Hydrastis canadensis,Losartan,High,Negative,1,21870106
Hydrastis canadensis,Metformin,High,Negative,1,33174626
Hydrastis canadensis,Omeprazole,Low,No Effect,1,21870106
Hydrastis canadensis,Rosuvastatin,Low,No Effect,1,33174626
Hydrastis canadensis,Tacrolimus,High,Harmful,1,23765408
Hypericum ascyron,Midazolam,High,Negative,1,21680781
Hypericum curvisepalum,Clevidipine,High,Negative,1,28892755
Hypericum lancasteri,Midazolam,High,Negative,1,21680781
Hypericum laricifolium,Midazolam,High,Negative,1,21680781
Hypericum patulum,Midazolam,High,Negative,1,21680781
Hypericum perforatum,Ambrisentan,Medium,Possible,1,25286744
Hypericum perforatum,Caffeine,Low,No Effect,1,11673747
Hypericum perforatum,Clevidipine,High,Negative,1,28892755
Hypericum perforatum,Clozapine,High,Harmful,1,22113252
Hypericum perforatum,Debrisoquin,Low,No Effect,1,18214849
Hypericum perforatum,Dextromethorphan,Low,No Effect,1,11673747
Hypericum perforatum,Docetaxel,High,Negative,1,24068654
Hypericum perforatum,Dolutegravir,High,Harmful,1,31263918
Hypericum perforatum,Fentanyl,Low,No Effect,1,31794512
Hypericum perforatum,Gliclazide,High,Negative,1,18204476
Hypericum perforatum,Ibuprofen,Low,No Effect,1,17284505
Hypericum perforatum,Imatinib,High,Negative,3,"15294859, 15470331, 15537555"
Hypericum perforatum,Indinavir,High,Negative,1,10683007
Hypericum perforatum,Irinotecan,High,Negative,1,12189228
Hypericum perforatum,Ivabradine,High,Negative,1,16988208
Hypericum perforatum,Metformin,Medium,Possible,1,25223504
Hypericum perforatum,Midazolam,High,Negative,4,"11673747, 15974642, 21680781"
Hypericum perforatum,Omeprazole,High,Negative,1,15001970
Hypericum perforatum,Oxycodone,High,Negative,1,20106684
Hypericum perforatum,Tacrolimus,High,Negative,1,14681346
Hypericum perforatum,Tolbutamide,Low,No Effect,1,11673747
Hypericum perforatum,Verapamil,High,Negative,1,15060508
Hypericum perforatum,Warfarin,High,"Harmful, Negative",3,"15089812, 17050802, 21480130"
Hypericum perforatum,Zolpidem,High,Negative,1,21058968
Hypericum sampsonii,Midazolam,High,Negative,1,21680781
Hypericum wightianum,Midazolam,High,Negative,1,21680781
Ilex cornuta,Ibuprofen,Low,No Effect,1,30897305
Ilex cornuta,Potassium,Medium,Possible,1,3297472
Ilex cornuta,Sodium Chloride,Medium,Possible,1,3297472
Ilex cornuta Lindl,Ibuprofen,Low,No Effect,1,30897305
Ilex cornuta Lindl,Potassium,Medium,Possible,1,3297472
Ilex cornuta Lindl,Sodium Chloride,Medium,Possible,1,3297472
Ilex cornuta lindl,Ibuprofen,Low,No Effect,1,30897305
Ilex cornuta lindl,Potassium,Medium,Possible,1,3297472
Ilex cornuta lindl,Sodium Chloride,Medium,Possible,1,3297472
Ilex paraguariensis,Ibuprofen,Low,No Effect,1,30897305
Ilex paraguariensis,Potassium,Medium,Possible,1,3297472
Ilex paraguariensis,Sodium Chloride,Medium,Possible,1,3297472
Inula britannica var. chinensis,Midazolam,High,Negative,1,21680781
Isodon japonica var. glaucocalyx,Doxorubicin,Medium,Possible,1,25947916
Isodon japonica var. glaucocalyx,Tacrolimus,High,Harmful,1,32930420
Isodon rubescens var. lushiensis,Midazolam,High,Negative,1,21680781
Ixeris chinensis,Alendronic Acid,High,Negative,1,7554702
Ixeris chinensis,Doxorubicin,Medium,Possible,1,25947916
Ixeris chinensis,Lusutrombopag,Low,No Effect,1,31566757
Ixeris chinensis,Tacrolimus,High,Harmful,1,32930420
Ixora chinensis,Midazolam,Medium,Possible,1,21943317
Ixora chinensis,Talinolol,Medium,Possible,1,21943317
Juglans regia,Midazolam,High,Negative,1,21680781
Juniperus oxycedrus,Clonidine,High,Harmful,1,25336552
Kummerowia striata,Doxorubicin,Medium,Possible,1,25947916
Kummerowia striata,Tacrolimus,High,Harmful,1,32930420
Lactuca indica,Doxorubicin,Medium,Possible,1,25947916
Lactuca indica,Midazolam,High,Negative,1,21680781
Lactuca indica,Tacrolimus,High,Harmful,1,32930420
Lagerstroemia indica,Tacrolimus,High,Harmful,1,32930420
Lagerstroemia speciosa,Midazolam,High,Negative,1,21680781
Laminaria Digitata,Busulfan,High,Harmful,1,24185586
Lamiophlomis rotata,Doxorubicin,Medium,Possible,1,25947916
Lamiophlomis rotata,Midazolam,High,Negative,1,21680781
Lamiophlomis rotata,Tacrolimus,High,Harmful,1,32930420
Levisticum officinale,Clevidipine,High,Negative,1,28892755
Licorice,Hydrochlorothiazide,High,Harmful,14,31133605
Licorice,Omeprazole,High,Negative,14,20350051
Lignum Aquilariae Resitum,Clevidipine,High,Negative,1,28892755
Lignum Aquilariae Resitum,Midazolam,High,Negative,1,21680781
Lignum Dalbergiae odoriferae Rosewood,Doxorubicin,Medium,Possible,1,25947916
Lignum Dalbergiae odoriferae Rosewood,Midazolam,Medium,Possible,1,21943317
Lignum Dalbergiae odoriferae Rosewood,Talinolol,Medium,Possible,1,21943317
Lignum Pini Nodi,Midazolam,High,Negative,1,21680781
Lignum Santaii Albi,Doxorubicin,Medium,Possible,1,25947916
Lignum Santaii Albi,Tacrolimus,High,Harmful,1,32930420
Lonicera fulvotomentosa,Doxorubicin,Medium,Possible,1,25947916
Lonicera japonica,Doxorubicin,Medium,Possible,1,25947916
Lupinus luteus,Midazolam,Medium,Possible,1,21943317
Lupinus luteus,Talinolol,Medium,Possible,1,21943317
Lycium Barbarum,Warfarin,High,Harmful,4,"11675844, 22392461, 28962463"
Lycium barbarum,Midazolam,High,Negative,1,21680781
Lycium chinense,Aspirin,Medium,Possible,1,32325408
Lysimachia candida,Midazolam,High,Negative,1,21680781
Lysimachia christinae,Midazolam,High,Negative,1,21680781
Lysimachia paridiformis,Doxorubicin,Medium,Possible,1,25947916
Lysimachia paridiformis,Midazolam,High,Negative,1,21680781
Lysimachiae Foenigraeci Herba,Midazolam,High,Negative,1,21680781
Lythrum anceps,Tacrolimus,High,Harmful,1,32930420
Lythrum salicaria,Tacrolimus,High,Harmful,1,32930420
Magnolia biondii,Caffeine,Low,No Effect,1,21870106
Magnolia biondii,Dextromethorphan,High,Negative,1,21870106
Magnolia biondii,Losartan,High,Negative,1,21870106
Magnolia biondii,Omeprazole,Low,No Effect,1,21870106
Magnolia biondii,Rosuvastatin,Medium,Possible,1,32292349
Magnolia biondii,Tacrolimus,High,Harmful,1,23765408
Mangifera persiciformis,Midazolam,High,Negative,1,21680781
Margarita,Alendronic Acid,High,Negative,1,7554702
Margarita,Lusutrombopag,Low,No Effect,1,31566757
Massa Medicata Fermentata,Midazolam,High,Negative,1,21680781
Massa fermentata medicinalis Preparata,Fexofenadine,High,Negative,1,17301733
Massa fermentata medicinalis Preparata,Nisoldipine,Low,No Effect,1,8275614
Matricaria Chamomilla,Warfarin,High,Harmful,1,16636327
Meconopsis horridula,Doxorubicin,Medium,Possible,1,25947916
Meconopsis horridula,Tacrolimus,High,Harmful,1,32930420
Meconopsis punicea,Doxorubicin,Medium,Possible,1,25947916
Meconopsis punicea,Tacrolimus,High,Harmful,1,32930420
Medulla Junci,Doxorubicin,Medium,Possible,1,25947916
Medulla Junci,Midazolam,High,Negative,1,21680781
Medulla Stachyuri Medulla Helwingiae,Midazolam,High,Negative,1,21680781
Melilotus Officinalis,Coumarin,High,Harmful,1,22642738
Microctis Folium,Midazolam,High,Negative,1,21680781
Microtoena prainiana,Doxorubicin,Medium,Possible,1,25947916
Microtoena prainiana,Tacrolimus,High,Harmful,1,32930420
Mitragyna Speciosa,Quetiapine,High,Harmful,1,30498933
Mitragyna speciosa,Dextromethorphan,Low,No Effect,1,36924284
Mitragyna speciosa,Quetiapine,High,Harmful,1,30498933
Morinda Citrifolia,Phenytoin,High,Harmful,1,26179835
Morinda citrifolia,Phenytoin,High,Harmful,1,26179835
Morindae Officilis Radix,Aspirin,Medium,Possible,1,32325408
Murraya paniculata var. exotica,Ibuprofen,Low,No Effect,1,30897305
Murraya paniculata var. exotica,Potassium,Medium,Possible,1,3297472
Murraya paniculata var. exotica,Sodium Chloride,Medium,Possible,1,3297472
Myrrha,Midazolam,High,Negative,1,21680781
Nerium indicum,Clevidipine,High,Negative,1,28892755
Nicotiana tabacum,Midazolam,High,Negative,1,21680781
Nodus nelumbinis rhizomatis,Rosuvastatin,Medium,Possible,1,32292349
Notoginseng Flos,Ibuprofen,Low,No Effect,1,30897305
Notoginseng Flos,Potassium,Medium,Possible,1,3297472
Notoginseng Flos,Sodium Chloride,Medium,Possible,1,3297472
Nux Prinsepiae,Midazolam,High,Negative,1,21680781
Oldenlandia corymbosa,Midazolam,Medium,Possible,1,21943317
Oldenlandia corymbosa,Talinolol,Medium,Possible,1,21943317
Oleum Eucalypti,Aspirin,Medium,Possible,1,32325408
Ophicalcitum,Alendronic Acid,High,Negative,1,7554702
Ophicalcitum,Lusutrombopag,Low,No Effect,1,31566757
Oplopanax elatus,Irinotecan,Medium,Possible,1,30372160
Opuntia dillenii,Midazolam,High,Negative,1,21680781
Origanum vulgare,Fexofenadine,High,Negative,1,17301733
Origanum vulgare,Nisoldipine,Low,No Effect,1,8275614
Oroxylum indicum,Clevidipine,High,Negative,1,28892755
Oroxylum indicum,Cyclosporine,Low,No Effect,1,31156436
Os Draconis,Alendronic Acid,High,Negative,1,7554702
Os Draconis,Lusutrombopag,Low,No Effect,1,31566757
Os Draconis Preparata,Alendronic Acid,High,Negative,1,7554702
Os Draconis Preparata,Lusutrombopag,Low,No Effect,1,31566757
Panax Ginseng,Lopinavir,Low,No Effect,1,25142999
Panax Ginseng,Ritonavir,Low,No Effect,1,25142999
Panax ginseng,Aspirin,Low,No Effect,1,28732813
Panax ginseng,Imatinib,High,Harmful,1,20332334
Panax ginseng,Lopinavir,High,Harmful,1,23092794
Panax ginseng,Ritonavir,High,Harmful,1,23092794
Paullinia cupana,Ibuprofen,Low,No Effect,1,30897305
Paullinia cupana,Potassium,Medium,Possible,1,3297472
Paullinia cupana,Sodium Chloride,Medium,Possible,1,3297472
Pericarpium Citri Reticulatae,Aspirin,Medium,Possible,1,32325408
Pericarpium Citri Reticulatae,Fexofenadine,High,Negative,1,17301733
Pericarpium Citri Reticulatae,Nisoldipine,Low,No Effect,1,8275614
Pericarpium Citri Reticulatae Viride,Alendronic Acid,High,Negative,1,7554702
Pericarpium Citri Reticulatae Viride,Fexofenadine,High,Negative,1,17301733
Pericarpium Citri Reticulatae Viride,Lusutrombopag,Low,No Effect,1,31566757
Pericarpium Citri Reticulatae Viride,Nisoldipine,Low,No Effect,1,8275614
Pericarpium Grati,Doxorubicin,Medium,Possible,1,25947916
Pericarpium Grati,Midazolam,High,Negative,1,21680781
Pericarpium Zanthoxyli,Caffeine,Low,No Effect,1,21870106
Pericarpium Zanthoxyli,Dextromethorphan,High,Negative,1,21870106
Pericarpium Zanthoxyli,Losartan,High,Negative,1,21870106
Pericarpium Zanthoxyli,Midazolam,High,Negative,1,21680781
Pericarpium Zanthoxyli,Omeprazole,Low,No Effect,1,21870106
Pericarpium Zanthoxyli,Rosuvastatin,Medium,Possible,1,32292349
Pericarpium Zanthoxyli,Tacrolimus,High,Harmful,1,23765408
Peucedanum govanianum var. bicolo,Midazolam,High,Negative,1,21680781
Phellodendri Amurensis Cortex,Midazolam,High,Negative,1,21680781
Phellodendron amurense,Caffeine,Low,No Effect,1,21870106
Phellodendron amurense,Clevidipine,High,Negative,1,28892755
Phellodendron amurense,Dextromethorphan,High,Negative,1,21870106
Phellodendron amurense,Ibuprofen,Low,No Effect,1,30897305
Phellodendron amurense,Losartan,High,Negative,1,21870106
Phellodendron amurense,Midazolam,High,Negative,1,21680781
Phellodendron amurense,Omeprazole,Low,No Effect,1,21870106
Phellodendron amurense,Potassium,Medium,Possible,1,3297472
Phellodendron amurense,Rosuvastatin,Medium,Possible,1,32292349
Phellodendron amurense,Sodium Chloride,Medium,Possible,1,3297472
Phellodendron amurense,Tacrolimus,High,Harmful,1,23765408
Phellodendron japonicum,Midazolam,High,Negative,1,21680781
Phlomis tuberosa,Ibuprofen,Low,No Effect,1,30897305
Phlomis tuberosa,Potassium,Medium,Possible,1,3297472
Phlomis tuberosa,Sodium Chloride,Medium,Possible,1,3297472
Phyllanthus Emblica,Aspirin,High,Negative,1,24291054
Phyllanthus Emblica,Clopidogrel,High,Negative,1,24291054
Phyllanthus urinaria,Clevidipine,High,Negative,1,28892755
Phyllanthus urinaria,Midazolam,High,Negative,1,21680781
Piper Methysticum,Caffeine,Low,No Effect,1,15900287
Piper Methysticum,Chlorzoxazone,Medium,Possible,1,15900287
Piper Methysticum,Debrisoquin,Low,No Effect,2,"15900287, 18214849"
Piper Methysticum,Midazolam,Low,No Effect,1,15900287
Piper guineense,Acetaminophen,Low,No Effect,1,18480186
Piper guineense,Carbamazepine,Medium,Possible,1,19283724
Piper guineense,Flurbiprofen,Low,No Effect,1,18480186
Piper guineense,Midazolam,Medium,"No Effect, Possible",2,"18480186, 24398010"
Piper guineense,Phenytoin,Medium,Possible,2,16767797
Piper methysticum,Midazolam,Low,No Effect,1,17495878
Piperis Longi Fructus,Acetaminophen,Low,No Effect,1,18480186
Piperis Longi Fructus,Carbamazepine,Medium,Possible,1,19283724
Piperis Longi Fructus,Flurbiprofen,Low,No Effect,1,18480186
Piperis Longi Fructus,Midazolam,Medium,"No Effect, Possible",2,"18480186, 24398010"
Piperis Longi Fructus,Phenytoin,Medium,Possible,2,16767797
Piptanthus nanus,Midazolam,Medium,Possible,1,21943317
Piptanthus nanus,Tacrolimus,High,Harmful,1,32930420
Piptanthus nanus,Talinolol,Medium,Possible,1,21943317
Piptanthus nepalensis,Midazolam,Medium,Possible,1,21943317
Piptanthus nepalensis,Talinolol,Medium,Possible,1,21943317
Plantago major,Clevidipine,High,Negative,1,28892755
Plantago major,Cyclosporine,Low,No Effect,1,31156436
Plantago major,Doxorubicin,Medium,Possible,1,25947916
Plastrum Testudinis,Alendronic Acid,High,Negative,1,7554702
Plastrum Testudinis,Lusutrombopag,Low,No Effect,1,31566757
Plumula Nelumbinis,Clevidipine,High,Negative,1,28892755
Plumula Nelumbinis,Doxorubicin,Medium,Possible,1,25947916
Plumula Nelumbinis,Midazolam,High,Negative,1,21680781
Pogostemon Cablin (Blanco) Benth.,Caffeine,Low,No Effect,1,21870106
Pogostemon Cablin (Blanco) Benth.,Dextromethorphan,High,Negative,1,21870106
Pogostemon Cablin (Blanco) Benth.,Losartan,High,Negative,1,21870106
Pogostemon Cablin (Blanco) Benth.,Midazolam,High,Negative,1,21680781
Pogostemon Cablin (Blanco) Benth.,Omeprazole,Low,No Effect,1,21870106
Pogostemon Cablin (Blanco) Benth.,Rosuvastatin,Medium,Possible,1,32292349
Pogostemon Cablin (Blanco) Benth.,Tacrolimus,High,Harmful,1,23765408
Polygala tenuifolia,Clevidipine,High,Negative,1,28892755
Polygonum multiflorum,Phenylephrine,Medium,Possible,1,30368855
Pomelo,Cyclosporine,High,"Negative, Possible",2,"16513449, 25408261"
Pomelo,Sildenafil,High,Negative,1,19830413
Poncirus trifoliata,Fexofenadine,High,Negative,2,17301733
Poncirus trifoliata,Nisoldipine,Low,No Effect,2,8275614
Pteris cretica var. nervosa [Syn. Pteris nervosa ],Doxorubicin,Medium,Possible,1,25947916
Pteris cretica var. nervosa [Syn. Pteris nervosa ],Midazolam,High,Negative,1,21680781
Pterospermum lanceaefolium,Midazolam,High,Negative,1,21680781
Radix Achyranthis bidentatae,Caffeine,Low,No Effect,1,21870106
Radix Achyranthis bidentatae,Clevidipine,High,Negative,1,28892755
Radix Achyranthis bidentatae,Cyclosporine,Low,No Effect,1,31156436
Radix Achyranthis bidentatae,Dextromethorphan,High,Negative,1,21870106
Radix Achyranthis bidentatae,Losartan,High,Negative,1,21870106
Radix Achyranthis bidentatae,Midazolam,High,Negative,1,21680781
Radix Achyranthis bidentatae,Omeprazole,Low,No Effect,1,21870106
Radix Achyranthis bidentatae,Rosuvastatin,Medium,Possible,1,32292349
Radix Achyranthis bidentatae,Tacrolimus,High,Harmful,1,23765408
Radix Adenophorae,Clevidipine,High,Negative,1,28892755
Radix Adenophorae,Cyclosporine,Low,No Effect,1,31156436
Radix Ampelopsis,Caffeine,Low,No Effect,1,21870106
Radix Ampelopsis,Dextromethorphan,High,Negative,1,21870106
Radix Ampelopsis,Losartan,High,Negative,1,21870106
Radix Ampelopsis,Midazolam,High,Negative,1,21680781
Radix Ampelopsis,Omeprazole,Low,No Effect,1,21870106
Radix Ampelopsis,Rosuvastatin,Medium,Possible,1,32292349
Radix Ampelopsis,Tacrolimus,High,Harmful,1,23765408
Radix Angelicae Dahuricae,Caffeine,High,Negative,1,19422358
Radix Angelicae Dahuricae,Chlorzoxazone,Low,No Effect,1,19422358
Radix Angelicae Dahuricae,Dextromethorphan,Low,No Effect,1,19422358
Radix Angelicae Dahuricae,Losartan,Low,No Effect,1,19422358
Radix Angelicae Dahuricae,Omeprazole,Low,No Effect,1,19422358
Radix Angelicae sinensis,Acetaminophen,Low,No Effect,1,18480186
Radix Angelicae sinensis,Everolimus,High,Harmful,1,29112694
Radix Angelicae sinensis,Flurbiprofen,Low,No Effect,1,18480186
Radix Angelicae sinensis,Midazolam,Low,No Effect,1,18480186
Radix Angelicae sinensis,Phenylephrine,Medium,Possible,1,30368855
Radix Angelicae sinensis,Talinolol,High,Negative,1,17468862
Radix Asparagi,Midazolam,High,Negative,1,21680781
Radix Astragali,Clevidipine,High,Negative,1,28892755
Radix Astragali,Fexofenadine,Low,No Effect,1,23422332
Radix Astragali,Midazolam,High,Negative,1,21680781
Radix Boehmeriae,Midazolam,High,Negative,1,21680781
Radix Bupleuri,Clevidipine,High,Negative,2,28892755
Radix Bupleuri,Cyclosporine,Low,No Effect,1,31156436
Radix Bupleuri,Midazolam,High,Negative,1,21680781
Radix Clematidis,Midazolam,High,Negative,1,21680781
Radix Codonopsis pilosulae,Doxorubicin,Medium,Possible,1,25947916
Radix Codonopsis pilosulae,Tacrolimus,High,Harmful,1,32930420
Radix Cudraniae,Phenylephrine,Medium,Possible,1,30368855
Radix Cyathulae,Midazolam,High,"Negative, Possible",2,"21680781, 21943317"
Radix Cyathulae,Talinolol,Medium,Possible,1,21943317
Radix Dichroae,Tacrolimus,High,Harmful,1,32930420
Radix Echinopsis,Doxorubicin,Medium,Possible,1,25947916
Radix Echinopsis,Midazolam,High,Negative,1,21680781
Radix Ephedrae,Midazolam,High,Negative,1,21680781
Radix Ephedrae,Tacrolimus,High,Harmful,1,32930420
Radix Firmianae plantanifoliae,Ibuprofen,Low,No Effect,1,30897305
Radix Firmianae plantanifoliae,Potassium,Medium,Possible,1,3297472
Radix Firmianae plantanifoliae,Sodium Chloride,Medium,Possible,1,3297472
Radix Ginseng,Phenylephrine,Medium,Possible,1,30368855
Radix Ginseng Rubra,Caffeine,Low,No Effect,2,30078466
Radix Ginseng Rubra,Dextromethorphan,Low,No Effect,2,30078466
Radix Ginseng Rubra,Losartan,Low,No Effect,1,30078466
Radix Ginseng Rubra,Midazolam,Low,No Effect,2,30078466
Radix Ginseng Rubra,Omeprazole,Low,No Effect,1,30078466
Radix Ginseng Rubra,Pitavastatin,Low,No Effect,2,30078466
Radix Glehniae,Midazolam,High,Negative,1,21680781
Radix Glycyrrhizae,Clevidipine,High,Negative,1,28892755
Radix Glycyrrhizae,Fexofenadine,High,Negative,1,17301733
Radix Glycyrrhizae,Midazolam,High,Negative,2,"20393696, 21680781"
Radix Glycyrrhizae,Nisoldipine,Low,No Effect,1,8275614
Radix Glycyrrhizae,Talinolol,Low,No Effect,1,22983284
Radix Glycyrrhizae Praeparata,Clevidipine,High,Negative,1,28892755
Radix Glycyrrhizae Praeparata,Midazolam,High,Negative,1,20393696
Radix Glycyrrhizae Praeparata,Talinolol,Low,No Effect,1,22983284
Radix Glycyrrhizae Preparata,Midazolam,High,Negative,1,20393696
Radix Glycyrrhizae Preparata,Talinolol,Low,No Effect,1,22983284
Radix Glycyrrhizae uralensis,Midazolam,High,Negative,1,20393696
Radix Glycyrrhizae uralensis,Talinolol,Low,No Effect,1,22983284
Radix Isatidis seu Baphicacanthi,Clevidipine,High,Negative,1,28892755
Radix Isatidis seu Baphicacanthi,Midazolam,High,Negative,1,21680781
Radix Isatidis seu Baphicacanthi,Tacrolimus,High,Harmful,1,32930420
Radix Kansui,Phenylephrine,Medium,Possible,1,30368855
Radix Linderae,Midazolam,High,Negative,1,21680781
Radix Moghaniae Philippinensis,Fexofenadine,High,Negative,1,17301733
Radix Moghaniae Philippinensis,Midazolam,Medium,Possible,1,21943317
Radix Moghaniae Philippinensis,Nisoldipine,Low,No Effect,1,8275614
Radix Moghaniae Philippinensis,Talinolol,Medium,Possible,1,21943317
Radix Morindae officinalis,Aspirin,Medium,Possible,1,32325408
Radix Notoginseng,Clevidipine,High,Negative,1,28892755
Radix Notoginseng,Midazolam,High,Negative,1,21680781
Radix Pacis quinquefolii,Phenytoin,High,Harmful,1,55569
Radix Paeoniae Rubra,Clevidipine,High,Negative,1,28892755
Radix Paeoniae Rubra,Cyclosporine,Low,No Effect,1,31156436
Radix Platycodi,Aspirin,Medium,Possible,1,32325408
Radix Platycodi,Doxorubicin,Medium,Possible,1,25947916
Radix Pseudostellariae,Doxorubicin,Medium,Possible,1,25947916
Radix Puerariae,Midazolam,Medium,Possible,1,21943317
Radix Puerariae,Talinolol,Medium,Possible,1,21943317
Radix Salviae liguliobae,Clevidipine,High,Negative,2,28892755
Radix Salviae liguliobae,Cyclosporine,Low,No Effect,1,31156436
Radix Salviae liguliobae,Doxorubicin,Medium,Possible,1,25947916
Radix Salviae liguliobae,Midazolam,High,Negative,1,21680781
Radix Salviae liguliobae,Tacrolimus,High,Harmful,1,32930420
Radix Sanguisorbae,Midazolam,High,Negative,1,21680781
Radix Schizomepetae tenuifoliae,Doxorubicin,Medium,Possible,1,25947916
Radix Scutellariae,Caffeine,High,Negative,1,19422358
Radix Scutellariae,Clevidipine,High,Negative,1,28892755
Radix Scutellariae,Cyclosporine,Low,No Effect,1,31156436
Radix Scutellariae,Dextromethorphan,Low,No Effect,1,19422358
Radix Scutellariae,Losartan,High,Negative,1,19422358
Radix Scutellariae,Midazolam,Low,No Effect,2,19422358
Radix Scutellariae,Omeprazole,Low,No Effect,1,19422358
Radix Scutellariae,Tacrolimus,High,Harmful,1,32930420
Radix Semiaquilegiae,Midazolam,Medium,Possible,1,21943317
Radix Semiaquilegiae,Talinolol,Medium,Possible,1,21943317
Radix Smilacis,Fexofenadine,High,Negative,1,17301733
Radix Smilacis,Nisoldipine,Low,No Effect,1,8275614
Radix Sophorae Tonkinensis,Doxorubicin,Medium,Possible,1,25947916
Radix Sophorae Tonkinensis,Midazolam,High,"Negative, Possible",2,"21680781, 21943317"
Radix Sophorae Tonkinensis,Tacrolimus,High,Harmful,1,32930420
Radix Sophorae Tonkinensis,Talinolol,Medium,Possible,1,21943317
Radix Sophorae flavescentis,Doxorubicin,Medium,Possible,1,25947916
Radix Sophorae flavescentis,Midazolam,High,Negative,1,21680781
Radix Sophorae flavescentis,Tacrolimus,High,Harmful,1,32930420
Radix Stellariae,Aspirin,Medium,Possible,1,32325408
Radix Stephaniae Cepharanthae.,Caffeine,Low,No Effect,1,21870106
Radix Stephaniae Cepharanthae.,Dextromethorphan,High,Negative,1,21870106
Radix Stephaniae Cepharanthae.,Losartan,High,Negative,1,21870106
Radix Stephaniae Cepharanthae.,Omeprazole,Low,No Effect,1,21870106
Radix Stephaniae Cepharanthae.,Rosuvastatin,Medium,Possible,1,32292349
Radix Stephaniae Cepharanthae.,Tacrolimus,High,Harmful,1,23765408
Radix Stephaniae Tetrandrae,Caffeine,Low,No Effect,1,21870106
Radix Stephaniae Tetrandrae,Dextromethorphan,High,Negative,1,21870106
Radix Stephaniae Tetrandrae,Losartan,High,Negative,1,21870106
Radix Stephaniae Tetrandrae,Omeprazole,Low,No Effect,1,21870106
Radix Stephaniae Tetrandrae,Rosuvastatin,Medium,Possible,1,32292349
Radix Stephaniae Tetrandrae,Tacrolimus,High,Harmful,1,23765408
Radix et Caulis Mahonae flavidae,Caffeine,Low,No Effect,1,21870106
Radix et Caulis Mahonae flavidae,Dextromethorphan,High,Negative,1,21870106
Radix et Caulis Mahonae flavidae,Losartan,High,Negative,1,21870106
Radix et Caulis Mahonae flavidae,Omeprazole,Low,No Effect,1,21870106
Radix et Caulis Mahonae flavidae,Rosuvastatin,Medium,Possible,1,32292349
Radix et Caulis Mahonae flavidae,Tacrolimus,High,Harmful,1,23765408
Radix et Rhizoma Rhodiolae,Clevidipine,High,Negative,1,28892755
Radix et Rhizoma Thalictri,Caffeine,Low,No Effect,1,21870106
Radix et Rhizoma Thalictri,Clevidipine,High,Negative,1,28892755
Radix et Rhizoma Thalictri,Cyclosporine,Low,No Effect,1,31156436
Radix et Rhizoma Thalictri,Dextromethorphan,High,Negative,1,21870106
Radix et Rhizoma Thalictri,Losartan,High,Negative,1,21870106
Radix et Rhizoma Thalictri,Midazolam,High,Negative,1,21680781
Radix et Rhizoma Thalictri,Omeprazole,Low,No Effect,1,21870106
Radix et Rhizoma Thalictri,Rosuvastatin,Medium,Possible,1,32292349
Radix et Rhizoma Thalictri,Tacrolimus,High,Harmful,1,23765408
Ramulus Cinmomi,Doxorubicin,Medium,Possible,1,25947916
Ramulus Euonymi,Clevidipine,High,Negative,1,28892755
Ramulus Euonymi,Cyclosporine,Low,No Effect,1,31156436
Ramulus Euonymi,Midazolam,High,Negative,1,21680781
Ramulus Uncariae cum Uncis,Caffeine,Low,No Effect,1,21870106
Ramulus Uncariae cum Uncis,Clevidipine,High,Negative,1,28892755
Ramulus Uncariae cum Uncis,Clonidine,High,Harmful,1,25336552
Ramulus Uncariae cum Uncis,Dextromethorphan,High,Negative,1,21870106
Ramulus Uncariae cum Uncis,Losartan,High,Negative,1,21870106
Ramulus Uncariae cum Uncis,Midazolam,High,Negative,1,21680781
Ramulus Uncariae cum Uncis,Omeprazole,Low,No Effect,1,21870106
Ramulus Uncariae cum Uncis,Rosuvastatin,Medium,Possible,1,32292349
Ramulus Uncariae cum Uncis,Tacrolimus,High,Harmful,1,23765408
Rauvolfia verticillata,Clonidine,High,Harmful,1,25336552
Rauvolfia yunnanensis,Clonidine,High,Harmful,1,25336552
Rauwolfia nitida,Clonidine,High,Harmful,1,25336552
Rauwolfia serpentina,Clonidine,High,Harmful,1,25336552
Receptaculum Nelumbinis,Fexofenadine,High,Negative,1,17301733
Receptaculum Nelumbinis,Midazolam,High,Negative,1,21680781
Receptaculum Nelumbinis,Nisoldipine,Low,No Effect,1,8275614
Red Clover,Alprazolam,Low,No Effect,1,33197178
Red Clover,Caffeine,Low,No Effect,1,33197178
Red Clover,Dextromethorphan,Low,No Effect,1,33197178
Red Clover,Tolbutamide,Low,No Effect,1,33197178
Red ginseng,Cisplatin,Medium,Possible,1,26142337
Red ginseng,Warfarin,Medium,Possible,2,19913311
Reineckea carnea,Midazolam,High,Negative,1,21680781
Reseda luteola,Doxorubicin,Medium,Possible,1,25947916
Resi oliani,Midazolam,High,Negative,1,21680781
Rhaponticum carthamoides,Tacrolimus,High,Harmful,1,32930420
Rheum Palmatum,Busulfan,High,Harmful,1,24185586
Rheum wittrocki,Phenylephrine,Medium,Possible,1,30368855
Rhinoceros sumatrensis,Alendronic Acid,High,Negative,1,7554702
Rhinoceros sumatrensis,Lusutrombopag,Low,No Effect,1,31566757
Rhizoma Acori Talarinowii,Tacrolimus,High,Harmful,1,32930420
Rhizoma Belamcandae,Doxorubicin,Medium,Possible,1,25947916
Rhizoma Belamcandae,Midazolam,Medium,Possible,1,21943317
Rhizoma Belamcandae,Tacrolimus,High,Harmful,1,32930420
Rhizoma Belamcandae,Talinolol,Medium,Possible,1,21943317
Rhizoma Bistortae,Midazolam,High,Negative,1,21680781
Rhizoma Cimicifugae,Aspirin,Medium,Possible,1,32325408
Rhizoma Coptidis,Caffeine,Low,No Effect,2,21870106
Rhizoma Coptidis,Dextromethorphan,High,Negative,2,21870106
Rhizoma Coptidis,Losartan,High,Negative,2,21870106
Rhizoma Coptidis,Midazolam,High,Negative,1,21680781
Rhizoma Coptidis,Omeprazole,Low,No Effect,2,21870106
Rhizoma Coptidis,Rosuvastatin,Medium,Possible,2,32292349
Rhizoma Coptidis,Tacrolimus,High,Harmful,2,23765408
Rhizoma Coptidis,Venlafaxine,Medium,Possible,1,35132786
Rhizoma Corydalis,Caffeine,Low,No Effect,1,21870106
Rhizoma Corydalis,Dextromethorphan,High,Negative,1,21870106
Rhizoma Corydalis,Losartan,High,Negative,1,21870106
Rhizoma Corydalis,Midazolam,High,Negative,1,21680781
Rhizoma Corydalis,Omeprazole,Low,No Effect,1,21870106
Rhizoma Corydalis,Rosuvastatin,Medium,Possible,1,32292349
Rhizoma Corydalis,Tacrolimus,High,Harmful,1,23765408
Rhizoma Curculiginis,Ibuprofen,Low,No Effect,1,30897305
Rhizoma Curculiginis,Potassium,Medium,Possible,1,3297472
Rhizoma Curculiginis,Sodium Chloride,Medium,Possible,1,3297472
Rhizoma Curcumae,Acetaminophen,Low,No Effect,1,18480186
Rhizoma Curcumae,Everolimus,High,Harmful,1,29112694
Rhizoma Curcumae,Flurbiprofen,Low,No Effect,1,18480186
Rhizoma Curcumae,Midazolam,Low,No Effect,1,18480186
Rhizoma Curcumae,Phenylephrine,Medium,Possible,1,30368855
Rhizoma Curcumae,Talinolol,High,Negative,1,17468862
Rhizoma Cyperi,Clevidipine,High,Negative,1,28892755
Rhizoma Cyperi,Doxorubicin,Medium,Possible,1,25947916
Rhizoma Cyperi,Midazolam,High,Negative,1,21680781
Rhizoma Dioscoreae bulbiferae,Midazolam,High,Negative,1,21680781
Rhizoma Dryopteris crassirhizomae,Fexofenadine,High,Negative,1,17301733
Rhizoma Dryopteris crassirhizomae,Nisoldipine,Low,No Effect,1,8275614
Rhizoma Dryriae,Clevidipine,High,Negative,1,28892755
Rhizoma Dryriae,Cyclosporine,Low,No Effect,1,31156436
Rhizoma Dryriae,Doxorubicin,Medium,Possible,1,25947916
Rhizoma Dryriae,Fexofenadine,High,Negative,1,17301733
Rhizoma Dryriae,Nisoldipine,Low,No Effect,1,8275614
Rhizoma Fagopyri Cymosi,Doxorubicin,Medium,Possible,1,25947916
Rhizoma Fagopyri Cymosi,Midazolam,High,Negative,1,21680781
Rhizoma Glycyrrhizae uralensis,Midazolam,High,Negative,1,20393696
Rhizoma Glycyrrhizae uralensis,Talinolol,Low,No Effect,1,22983284
Rhizoma Homalomee occultae,Phenylephrine,Medium,Possible,1,30368855
Rhizoma Phragmitis,Midazolam,High,Negative,1,21680781
Rhizoma Pinelliae,Clevidipine,High,Negative,1,28892755
Rhizoma Pinelliae,Cyclosporine,Low,No Effect,1,31156436
Rhizoma Pinelliae,Midazolam,High,Negative,1,21680781
Rhizoma Polygoni cuspidati,Doxorubicin,Medium,Possible,1,25947916
Rhizoma Polygoni cuspidati,Midazolam,High,Negative,1,21680781
Rhizoma Polygoni cuspidati,Phenylephrine,Medium,Possible,1,30368855
Rhizoma Polygoni cuspidati,Tacrolimus,High,Harmful,1,32930420
Rhizoma Polygoti,Tacrolimus,High,Harmful,1,32930420
Rhizoma Smilacis Glabrae,Midazolam,High,Negative,1,21680781
Rhizoma Smilacis Glabrae,Phenylephrine,Medium,Possible,1,30368855
Rhizoma Sparganii,Tacrolimus,High,Harmful,1,32930420
Rhizoma Wenyujin Concisum,Acetaminophen,Low,No Effect,1,18480186
Rhizoma Wenyujin Concisum,Everolimus,High,Harmful,1,29112694
Rhizoma Wenyujin Concisum,Flurbiprofen,Low,No Effect,1,18480186
Rhizoma Wenyujin Concisum,Midazolam,Low,No Effect,1,18480186
Rhizoma Wenyujin Concisum,Phenylephrine,Medium,Possible,1,30368855
Rhizoma Wenyujin Concisum,Talinolol,High,Negative,1,17468862
Rhizoma seu Herba Saururi,Midazolam,High,Negative,1,21680781
Rhizome fagopyri dibotryis,Doxorubicin,Medium,Possible,1,25947916
Rhizome fagopyri dibotryis,Midazolam,High,Negative,1,21680781
Rhodiola Rosea,Caffeine,Low,No Effect,1,26613955
Rhodiola Rosea,Dextromethorphan,Low,No Effect,1,26613955
Rhodiola Rosea,Losartan,Medium,Possible,1,26613955
Rhodiola Rosea,Midazolam,Low,No Effect,1,26613955
Rhodiola Rosea,Omeprazole,Low,No Effect,1,26613955
Rhodiola Rosea,Paroxetine,High,Harmful,1,25413939
Rhodiola algida,Clevidipine,High,Negative,1,28892755
Rhodiola atuntsuensis,Clevidipine,High,Negative,1,28892755
Rhodiola coccinea,Clevidipine,High,Negative,1,28892755
Rhodiola crenulata [Syn. Rhodiola euryphylla],Midazolam,High,Negative,1,21680781
Rhodiola himalansis,Clevidipine,High,Negative,1,28892755
Rhodiola juparensis,Clevidipine,High,Negative,1,28892755
Rhodiola kirilowii,Clevidipine,High,Negative,1,28892755
Rhodiola quadrifida,Clevidipine,High,Negative,1,28892755
Rhodiola subopposita,Clevidipine,High,Negative,1,28892755
Rhodiola yunnanesis,Clevidipine,High,Negative,1,28892755
Rhododendron huianum,Midazolam,High,Negative,1,21680781
Rhododendron lingii,Midazolam,High,Negative,1,21680781
Rhododendron mariae,Midazolam,High,Negative,1,21680781
Rhododendron micranthum,Midazolam,High,Negative,1,21680781
Rhododendron mucronulatum,Midazolam,High,Negative,1,21680781
Rhododendron ovatum,Midazolam,High,Negative,1,21680781
Rhododendron seniavinii,Midazolam,High,Negative,1,21680781
Rhodomyrtus tomentosa,Midazolam,High,Negative,1,21680781
Ricinus communis,Doxorubicin,Medium,Possible,1,25947916
Rubi Fructus,Acetaminophen,Low,No Effect,1,18480186
Rubi Fructus,Carbamazepine,Medium,Possible,1,19283724
Rubi Fructus,Clevidipine,High,Negative,1,28892755
Rubi Fructus,Flurbiprofen,Low,No Effect,1,18480186
Rubi Fructus,Midazolam,High,"Negative, No Effect, Possible",3,"18480186, 21680781, 24398010"
Rubi Fructus,Phenytoin,Medium,Possible,2,16767797
Rubia wallichiana,Doxorubicin,Medium,Possible,1,25947916
Rubia wallichiana,Tacrolimus,High,Harmful,1,32930420
Rumex Acetosa,Busulfan,High,Harmful,1,24185586
Salvia miltiorrhiza,Rosuvastatin,High,Negative,1,30962748
Salvia miltiorrhiza f. alba,Clevidipine,High,Negative,1,28892755
Salvia staminea,Doxorubicin,Medium,Possible,1,25947916
Salvia staminea,Tacrolimus,High,Harmful,1,32930420
Sambucus williamsii,Aspirin,Medium,Possible,1,32325408
Sapindus mukorossi,Tacrolimus,High,Harmful,1,32930420
Sargassum,Midazolam,High,Negative,1,21680781
Saussurea involucrata,Doxorubicin,Medium,Possible,1,25947916
Saussurea involucrata,Tacrolimus,High,Harmful,1,32930420
Saussurea medusa,Doxorubicin,Medium,Possible,1,25947916
Saussurea medusa,Midazolam,High,Negative,1,21680781
Saussurea medusa,Tacrolimus,High,Harmful,1,32930420
Saxifraga Stolonifera,Midazolam,High,Negative,1,21680781
Schisandra sphenanthera,Tacrolimus,Medium,Possible,1,31712547
Schisandrae Chinensis Fructus,Clevidipine,High,Negative,1,28892755
Schisandrae Chinensis Fructus,Midazolam,High,Negative,1,21680781
Schisandrae Chinensis Fructus,Phenytoin,Medium,Possible,1,34998822
Schisandrae Chinensis Fructus,Warfarin,Medium,Possible,1,35921950
Schnabelia tetradonta,Tacrolimus,High,Harmful,1,32930420
Scurrura atropurpurea,Ibuprofen,Low,No Effect,1,30897305
Scurrura atropurpurea,Potassium,Medium,Possible,1,3297472
Scurrura atropurpurea,Sodium Chloride,Medium,Possible,1,3297472
Scutellaria amoena,Clevidipine,High,Negative,1,28892755
Scutellaria amoena,Cyclosporine,Low,No Effect,1,31156436
Scutellaria hypericifolia,Clevidipine,High,Negative,1,28892755
Scutellaria hypericifolia,Cyclosporine,Low,No Effect,1,31156436
Scutellaria indica,Doxorubicin,Medium,Possible,1,25947916
Scutellaria indica,Tacrolimus,High,Harmful,1,32930420
Scutellaria rehderiana,Clevidipine,High,Negative,1,28892755
Scutellaria rehderiana,Cyclosporine,Low,No Effect,1,31156436
Scutellaria scordifolia,Clevidipine,High,Negative,1,28892755
Scutellaria scordifolia,Cyclosporine,Low,No Effect,1,31156436
Scutellaria viscidula,Clevidipine,High,Negative,1,28892755
Scutellaria viscidula,Cyclosporine,Low,No Effect,1,31156436
Sedum lineare [Syn. Sedum obtuso-lineare ],Doxorubicin,Medium,Possible,1,25947916
Sedum lineare [Syn. Sedum obtuso-lineare ],Midazolam,High,Negative,1,21680781
Selaginella doederleinii,Tacrolimus,High,Harmful,1,32930420
Semen Aesculi,Acetaminophen,Low,No Effect,1,18480186
Semen Aesculi,Everolimus,High,Harmful,1,29112694
Semen Aesculi,Flurbiprofen,Low,No Effect,1,18480186
Semen Aesculi,Midazolam,High,"Negative, No Effect",2,"18480186, 21680781"
Semen Aesculi,Phenylephrine,Medium,Possible,1,30368855
Semen Aesculi,Talinolol,High,Negative,1,17468862
Semen Astragali Complati,Midazolam,High,Negative,1,21680781
Semen Benincasae,Aspirin,Medium,Possible,1,32325408
Semen Canbis;Fructus Canbis,Doxorubicin,Medium,Possible,1,25947916
Semen Canbis;Fructus Canbis,Tacrolimus,High,Harmful,1,32930420
Semen Cassiae,Doxorubicin,Medium,Possible,1,25947916
Semen Cucumis,Fexofenadine,High,Negative,1,17301733
Semen Cucumis,Nisoldipine,Low,No Effect,1,8275614
Semen Cuseutae,Aluminum Hydroxide,Medium,Possible,1,6834247
Semen Cuseutae,Midazolam,High,Negative,1,21680781
Semen Euryales,Aspirin,Medium,Possible,1,32325408
Semen Firmiae,Ibuprofen,Low,No Effect,1,30897305
Semen Firmiae,Potassium,Medium,Possible,1,3297472
Semen Firmiae,Sodium Chloride,Medium,Possible,1,3297472
Semen Ginkgo,Aspirin,Medium,Possible,1,32325408
Semen Ginkgo,Buspirone,Low,No Effect,1,17164372
Semen Ginkgo,Caffeine,Low,No Effect,1,17164372
Semen Ginkgo,Clevidipine,High,Negative,1,28892755
Semen Ginkgo,Dextromethorphan,Low,No Effect,1,17164372
Semen Ginkgo,Losartan,Low,No Effect,1,17164372
Semen Ginkgo,Midazolam,High,Negative,1,21680781
Semen Ginkgo,Nadolol,High,Negative,2,29480324
Semen Ginkgo,Rosuvastatin,Medium,Possible,4,"28533679, 32407265"
Semen Glycine Max,Doxorubicin,Medium,Possible,1,25947916
Semen Glycine Max,Midazolam,Medium,Possible,1,21943317
Semen Glycine Max,Talinolol,Medium,Possible,1,21943317
Semen Impatientis,Midazolam,High,Negative,1,21680781
Semen Juglandis,Acetaminophen,Low,No Effect,1,18480186
Semen Juglandis,Everolimus,High,Harmful,1,29112694
Semen Juglandis,Flurbiprofen,Low,No Effect,1,18480186
Semen Juglandis,Midazolam,Low,No Effect,1,18480186
Semen Juglandis,Phenylephrine,Medium,Possible,1,30368855
Semen Juglandis,Talinolol,High,Negative,1,17468862
Semen Lablab Album,Clevidipine,High,Negative,1,28892755
Semen Lablab Album,Midazolam,High,Negative,1,21680781
Semen Lepiddi seu Descurainiae;Semen Lepidii；Semen Descurainiae,Midazolam,High,Negative,1,21680781
Semen Litchi,Midazolam,High,Negative,1,21680781
Semen Mangiferae indica,Midazolam,High,Negative,1,21680781
Semen Oroxyli,Caffeine,Low,No Effect,1,21870106
Semen Oroxyli,Clevidipine,High,Negative,1,28892755
Semen Oroxyli,Cyclosporine,Low,No Effect,1,31156436
Semen Oroxyli,Dextromethorphan,High,Negative,1,21870106
Semen Oroxyli,Losartan,High,Negative,1,21870106
Semen Oroxyli,Midazolam,High,Negative,1,21680781
Semen Oroxyli,Omeprazole,Low,No Effect,1,21870106
Semen Oroxyli,Rosuvastatin,Medium,Possible,1,32292349
Semen Oroxyli,Tacrolimus,High,Harmful,2,"23765408, 32930420"
Semen Oryzae cum Monasco Fermentatum,Aspirin,Medium,Possible,1,32325408
Semen Persicae,Doxorubicin,Medium,Possible,1,25947916
Semen Persicae,Tacrolimus,High,Harmful,1,32930420
Semen Pharbitidis,Alendronic Acid,High,Negative,1,7554702
Semen Pharbitidis,Lusutrombopag,Low,No Effect,1,31566757
Semen Phaseoli,Phenylephrine,Medium,Possible,1,30368855
Semen Plantaginis,Midazolam,High,Negative,1,21680781
Semen Plantaginis,Tacrolimus,High,Harmful,1,32930420
Semen Pruni,Midazolam,High,Negative,1,21680781
Semen Ricini,Clevidipine,High,Negative,1,28892755
Semen Ricini,Cyclosporine,Low,No Effect,1,31156436
Semen Ricini,Midazolam,High,Negative,1,21680781
Semen Sojae Praeparata,Midazolam,Medium,Possible,1,21943317
Semen Sojae Praeparata,Tacrolimus,High,Harmful,1,32930420
Semen Sojae Praeparata,Talinolol,Medium,Possible,1,21943317
Semen Vaccariae,Midazolam,High,Negative,1,21680781
Semen Vaccariae,Phenylephrine,Medium,Possible,1,30368855
Semen armeniacae amarum,Doxorubicin,Medium,Possible,1,25947916
Semen armeniacae amarum,Tacrolimus,High,Harmful,1,32930420
Senecio chrysanthemoides,Doxorubicin,Medium,Possible,1,25947916
Senecio chrysanthemoides,Midazolam,High,Negative,1,21680781
Senecio oryzetorum,Midazolam,High,Negative,1,21680781
Senecio scandens,Doxorubicin,Medium,Possible,1,25947916
Senecio scandens,Midazolam,High,Negative,1,21680781
Sepiella maindronide Rochebrune,Alendronic Acid,High,Negative,1,7554702
Sepiella maindronide Rochebrune,Lusutrombopag,Low,No Effect,1,31566757
Serenoa Repens,Alprazolam,Low,No Effect,1,14663456
Serenoa Repens,Caffeine,Low,No Effect,1,15536458
Serenoa Repens,Chlorzoxazone,Low,No Effect,1,15536458
Serenoa Repens,Debrisoquin,Low,No Effect,1,15536458
Serenoa Repens,Dextromethorphan,Low,No Effect,1,14663456
Serenoa Repens,Midazolam,Low,No Effect,1,15536458
Seville Orange,Colchicine,High,Negative,1,22940371
Silybum Marianum,Caffeine,Low,No Effect,1,15536458
Silybum Marianum,Chlorzoxazone,Low,No Effect,1,15536458
Silybum Marianum,Debrisoquin,Low,No Effect,2,"15536458, 18214849"
Silybum Marianum,Digoxin,Medium,Possible,1,16221754
Silybum Marianum,Irinotecan,Low,No Effect,2,16278402
Silybum Marianum,Midazolam,High,"Negative, No Effect",2,"15536458, 21680781"
Silybum Marianum,Raloxifene,Medium,Possible,2,26070840
Silybum marianum,Indinavir,Low,No Effect,1,12013352
Sinoadina racemosa [Syn. Adina racemosa ],Midazolam,High,Negative,1,21680781
Siphonostegia chinensis,Aspirin,Medium,Possible,1,32325408
Siphonostegia chinensis,Doxorubicin,Medium,Possible,1,25947916
Siphonostegia chinensis,Tacrolimus,High,Harmful,1,32930420
Smilax menispermoidea,Phenylephrine,Medium,Possible,1,30368855
Solanum nigrum L.,Aspirin,Medium,Possible,1,32325408
Solanum nigrum L.,Midazolam,High,Negative,1,21680781
Sonchus arvensis,Tacrolimus,High,Harmful,1,32930420
Sophora Japonica L,Midazolam,Medium,Possible,1,21943317
Sophora Japonica L,Talinolol,Medium,Possible,1,21943317
Sophora japonica,Midazolam,Medium,Possible,1,21943317
Sophora japonica,Talinolol,Medium,Possible,1,21943317
Sorbaria sorbifolia,Midazolam,High,Negative,1,21680781
Spi gleditsiae,Midazolam,High,Negative,1,21680781
Spica Prunellae,Alendronic Acid,High,Negative,1,7554702
Spica Prunellae,Clevidipine,High,Negative,1,28892755
Spica Prunellae,Doxorubicin,Medium,Possible,1,25947916
Spica Prunellae,Lusutrombopag,Low,No Effect,1,31566757
Spica Prunellae,Midazolam,High,Negative,1,21680781
Spora Lygodii,Tacrolimus,High,Harmful,1,32930420
Stamen Nelumbinis,Doxorubicin,Medium,Possible,1,25947916
Stamen Nelumbinis,Midazolam,High,Negative,1,21680781
Stephania japonica,Caffeine,Low,No Effect,1,21870106
Stephania japonica,Dextromethorphan,High,Negative,1,21870106
Stephania japonica,Losartan,High,Negative,1,21870106
Stephania japonica,Omeprazole,Low,No Effect,1,21870106
Stephania japonica,Rosuvastatin,Medium,Possible,1,32292349
Stephania japonica,Tacrolimus,High,Harmful,1,23765408
Stevia Rebaudiana,Simvastatin,High,Harmful,1,30714173
Stigma Croci,Midazolam,High,Negative,1,21680781
Stigma Maydis,Doxorubicin,Medium,Possible,1,25947916
Sutherlandia Frutescens,Isoniazid,Low,No Effect,3,26186450
Symplocos chinensis,Midazolam,High,Negative,1,21680781
Syzygium samarangense,Midazolam,High,Negative,1,21680781
Tagetes patula,Midazolam,High,Negative,1,21680781
Tamarix chinensis,Midazolam,High,Negative,1,21680781
Taraxacum mongolicum,Midazolam,High,Negative,1,21680781
Taraxacum officinale,Doxorubicin,Medium,Possible,1,25947916
Taraxacum officinale,Midazolam,High,Negative,1,21680781
Taraxacum officinale,Tacrolimus,High,Harmful,1,32930420
Terra Flava Usta,Doxorubicin,Medium,Possible,1,25947916
Terra Flava Usta,Tacrolimus,High,Harmful,1,32930420
Testa Arachidis Hypogaeae,Doxorubicin,Medium,Possible,1,25947916
Testa Arachidis Hypogaeae,Midazolam,High,Negative,1,21680781
Testa Arachidis Hypogaeae,Phenylephrine,Medium,Possible,1,30368855
Testa Arachidis Hypogaeae,Tacrolimus,High,Harmful,1,32930420
Thalictrum petaloideum,Caffeine,Low,No Effect,1,21870106
Thalictrum petaloideum,Dextromethorphan,High,Negative,1,21870106
Thalictrum petaloideum,Losartan,High,Negative,1,21870106
Thalictrum petaloideum,Omeprazole,Low,No Effect,1,21870106
Thalictrum petaloideum,Rosuvastatin,Medium,Possible,1,32292349
Thalictrum petaloideum,Tacrolimus,High,Harmful,1,23765408
Thymus serpyllum,Tacrolimus,High,Harmful,1,32930420
Trifolium Pratense,Busulfan,High,Harmful,1,24185586
Trifolium pratense,Doxorubicin,Medium,Possible,1,25947916
Trifolium pratense,Midazolam,High,"Negative, Possible",2,"21680781, 21943317"
Trifolium pratense,Talinolol,Medium,Possible,1,21943317
Trigonellae Semen,Midazolam,High,Negative,1,21680781
Typha angustifolia,Midazolam,High,Negative,1,21680781
Typha latifolia,Midazolam,High,Negative,1,21680781
Ulmus Rubra,Busulfan,High,Harmful,1,24185586
Uncaria sinensis,Midazolam,High,Negative,1,21680781
Urtica dioica,Midazolam,High,Negative,1,21680781
Valerian,Caffeine,Low,No Effect,1,15900287
Valerian,Chlorzoxazone,Low,No Effect,1,15900287
Valerian,Debrisoquin,Low,No Effect,1,15900287
Valerian,Midazolam,Low,No Effect,1,15900287
Valeriana amurensis,Doxorubicin,Medium,Possible,1,25947916
Valeriana officinalis,Alprazolam,Low,No Effect,1,15328251
Valeriana officinalis,Dextromethorphan,Low,No Effect,1,15328251
Vatica rassak,Phenylephrine,Medium,Possible,1,30368855
Veratrum album,Phenylephrine,Medium,Possible,1,30368855
Veratrum grandiflorum,Phenylephrine,Medium,Possible,1,30368855
Veronica anagalis aquatica L.,Doxorubicin,Medium,Possible,1,25947916
Vitex rotundifolia [Syn. Vitex trifollia var. simplicifolia ],Doxorubicin,Medium,Possible,1,25947916
Vitis vinifera,Phenylephrine,Medium,Possible,1,30368855
flos Sophorae,Clevidipine,High,Negative,1,28892755
flos Sophorae,Midazolam,High,"Negative, Possible",2,"21680781, 21943317"
flos Sophorae,Talinolol,Medium,Possible,1,21943317
flos farfarae,Midazolam,High,Negative,1,21680781
flos puerariae lobatae,Acetaminophen,Low,No Effect,1,18480186
flos puerariae lobatae,Carbamazepine,Medium,Possible,1,19283724
flos puerariae lobatae,Flurbiprofen,Low,No Effect,1,18480186
flos puerariae lobatae,Midazolam,High,"Negative, No Effect, Possible",4,"18480186, 21680781, 21943317, 24398010"
flos puerariae lobatae,Phenytoin,Medium,Possible,2,16767797
flos puerariae lobatae,Talinolol,Medium,Possible,1,21943317
folium citri tangerie,Clevidipine,High,Negative,1,28892755
folium citri tangerie,Cyclosporine,Low,No Effect,1,31156436
fructus Sophorae,Clevidipine,High,Negative,1,28892755
fructus Sophorae,Cyclosporine,Low,No Effect,1,31156436
fructus Sophorae,Midazolam,High,"Negative, Possible",2,"21680781, 21943317"
fructus Sophorae,Talinolol,Medium,Possible,1,21943317
fructus hippophae,Aspirin,Medium,Possible,1,32325408
fructus hippophae,Clevidipine,High,Negative,1,28892755
fructus hippophae,Doxorubicin,Medium,Possible,1,25947916
fructus hippophae,Midazolam,High,Negative,1,21680781
herba Menthae,Clevidipine,High,Negative,1,28892755
herba Menthae,Doxorubicin,Medium,Possible,1,25947916
herba Menthae,Tacrolimus,High,Harmful,1,32930420
herba centellae,Aspirin,Medium,Possible,1,32325408
herba centellae,Midazolam,High,Negative,1,21680781
herba centellae,Tacrolimus,High,Harmful,1,32930420
herba ecliptae,Doxorubicin,Medium,Possible,1,25947916
herba ecliptae,Midazolam,High,Negative,1,21680781
herba ecliptae,Tacrolimus,High,Harmful,1,32930420
herba meconpsis integrifoliae,Doxorubicin,Medium,Possible,1,25947916
herba meconpsis integrifoliae,Midazolam,High,Negative,1,21680781
herba meconpsis integrifoliae,Tacrolimus,High,Harmful,1,32930420
herba pyrolae chinensis,Midazolam,High,Negative,1,21680781
herba thymi mongolici,Tacrolimus,High,Harmful,1,32930420
nodus nelumbinis rhizomatis,Caffeine,Low,No Effect,1,21870106
nodus nelumbinis rhizomatis,Dextromethorphan,High,Negative,1,21870106
nodus nelumbinis rhizomatis,Losartan,High,Negative,1,21870106
nodus nelumbinis rhizomatis,Omeprazole,Low,No Effect,1,21870106
nodus nelumbinis rhizomatis,Tacrolimus,High,Harmful,1,23765408
pericarpium papaveris,Aspirin,Medium,Possible,1,32325408
pericarpium pyri,Midazolam,High,Negative,1,21680781
pollen typhae,Midazolam,High,Negative,1,21680781
radix Peucedani,Midazolam,High,Negative,1,21680781
radix Peucedani,Phenylephrine,Medium,Possible,1,30368855
radix asteris,Doxorubicin,Medium,Possible,1,25947916
radix asteris,Midazolam,High,Negative,1,21680781
radix asteris,Tacrolimus,High,Harmful,1,32930420
radix tripterygii wilfordii,Clevidipine,High,Negative,1,28892755
radix tripterygii wilfordii,Cyclosporine,Low,No Effect,1,31156436
radix tripterygii wilfordii,Ibuprofen,Low,No Effect,1,30897305
radix tripterygii wilfordii,Potassium,Medium,Possible,1,3297472
radix tripterygii wilfordii,Sodium Chloride,Medium,Possible,1,3297472
semen sapindi mukorossi,Tacrolimus,High,Harmful,1,32930420
