Drug,Target_Protein
Midazolam,CYP3A5
Doxorubicin,Bcl-2
Tacrolimus,CYP3A4
Tacrolimus,P-gp
Phenytoin,Pyridoxal-phosphate dependent enzyme
Acetaminophen,CYP3A
Acetaminophen,CYP2C9
Flurbiprofen,CYP3A
Flurbiprofen,CYP2C9
Midazolam,CYP3A
Midazolam,CYP2C9
Everolimus,CYP3A4
Talinolol,MRP2
Nadolol,OATP1A2
Rosuvastatin,OATP1B1
Caffeine,CYP1A2
Omeprazole,CYP2C19
Dextromethorphan,CYP2D6
Losartan,CYP2C9
Rosuvastatin,LXRα
Rosuvastatin,FXR
Debrisoquin,CYP2D6
Debrisoquin,CYP3A4
Debrisoquin,CYP3A5
Midazolam,CYP2D6
Midazolam,CYP3A4
Metformin,OCT1
Metformin,OCT2
Metformin,MATE1-K
Metformin,MATE2-K
Caffeine,CYP
Chlorzoxazone,CYP
Losartan,CYP
Omeprazole,CYP
Dextromethorphan,CYP
Phenytoin,CYP2C9
Warfarin,CYP2C9
Fexofenadine,OATP1A2
Omeprazole,CYP3A4
Midazolam,P-gp
Talinolol,CYP3A
Talinolol,P-gp
Venlafaxine,CYP2D6
Rosuvastatin,OATP
Irinotecan,Caspase-3
Midazolam,CYP
Ambrisentan,CYP2C19
Dolutegravir,CYP2C19
Dolutegravir,CYP3A
Dolutegravir,CYP2E1
Dolutegravir,P-gp
Tacrolimus,CYP3A
Ivabradine,CYP3A4
Zolpidem,CYP3A4
Hydrocortisone,5α-reductase
Hydrocortisone,5β-reductase
Hydrocortisone,11β-dehydrogenase
Busulfan,CYP1A2
Busulfan,CYP2C9
Busulfan,CYP2C19
Busulfan,CYP2D6
Busulfan,CYP3A4
Pitavastatin,OATP1B1
Chlorzoxazone,CYP2E1
Quetiapine,CYP
Dextromethorphan,CYP3A
Warfarin,CYP1A
Warfarin,CYP3A4
Lamotrigine,UGT2B7
Lamotrigine,UGT1A9
Lopinavir,CYP3A4
Ritonavir,CYP3A4
Cyclosporine,CYP3A
Cyclosporine,P-gp
Simvastatin,CYP3A4
Trabectedin,CYP3A4
Paroxetine,CYP2D6
Debrisoquin,CYP
Midazolam,CYP1A2
Fexofenadine,CYP3A
Lopinavir,CYP3A
Ritonavir,CYP3A
Valproic Acid,CYP2C19
Phenytoin,CYP2C19
Diazepam,CYP2C19
Efavirenz,CYP3A4
Efavirenz,P-gp
Raloxifene,UGT1A1
Warfarin,P-gp
