Herb,Active_Compound
Acacia nilotica,Quercetin
Ardisiae japonicae,Quercetin
Folium Artemisiae Argyi,Luteolin
Folium Artemisiae Argyi,Apigenin
Folium Artemisiae Argyi,Quercetin
Folium Artemisiae Argyi,Rutin
Oleum Eucalypti,Vitamin C
Croton tiglium L.,Vitamin C
Radix Morindae officinalis,Vitamin C
Morindae Officilis Radix,Vitamin C
Fructus Anisi Stellati,Luteolin
Fructus Anisi Stellati,Quercetin
Fructus Anisi Stellati,Vitamin B6
Dysosmae Verspiellis Rhixoma Et Radix,Quercetin
Dysosmae Verspiellis Rhixoma Et Radix,Rutin
Ilex paraguariensis,Caffeine
Paullinia cupana,Caffeine
Semen Lablab Album,Quercetin
Semen Lablab Album,Rutin
Acorus calamus,Curcumin
Semen Ginkgo,Quercetin
Semen Ginkgo,(-)-Epigallocatechin-3-Gallate
Semen Ginkgo,Rutin
Semen Ginkgo,Vitamin C
Salvia miltiorrhiza f. alba,Rutin
Herba Hedyotis Diffusae,Quercetin
Herba Hedyotis Diffusae,Rutin
BAI HUA SHUI FEI JI,Silymarin
Herba Patriniae,Luteolin
Herba Patriniae,Apigenin
Herba Patriniae,Quercetin
Chrysanthemum morifoliumRamat,Luteolin
Veratrum album,Resveratrol
Thymus serpyllum,Apigenin
Radix Ampelopsis,Berberine
Radix Ampelopsis,Quercetin
Herba Serissae,Calcium Carbonate
Hydrastis canadensis,Berberine
Hydrastis Canadensis,Berberine
Herha Ajugae Ciliatae,Luteolin
Aquilaria sinensis,Luteolin
Chelidonii Herba,Berberine
Dictamni Cortex,Quercetin
Radix Stephaniae Cepharanthae.,Berberine
Herba Lobeliae Chinensis,Luteolin
Herba Lobeliae Chinensis,Apigenin
Herba Lobeliae Chinensis,Quercetin
Radix Isatidis seu Baphicacanthi,Apigenin
Radix Isatidis seu Baphicacanthi,Quercetin
Radix Isatidis seu Baphicacanthi,Rutin
Thalictrum petaloideum,Berberine
Rhizoma Pinelliae,Quercetin
Rhizoma Pinelliae,Baicalin
Herba Scutellariae barbatae,Luteolin
Herba Scutellariae barbatae,Apigenin
Herba Scutellariae barbatae,Quercetin
Herba Scutellariae barbatae,Baicalin
Radix Glehniae,Quercetin
Schisandrae Chinensis Fructus,Thymoquinone
Schisandrae Chinensis Fructus,Quercetin
Schisandrae Chinensis Fructus,Rutin
Chrysanthemum boreale,Apigenin
Piperis Longi Fructus,Piperine
Ricinus communis,Luteolin
Semen Ricini,Quercetin
Semen Ricini,Baicalin
Hypericum wightianum,Quercetin
Flos Dolichoris,Luteolin
Flos Dolichoris,Apigenin
Mangifera persiciformis,Quercetin
Herba Polygoni Avicularis,Luteolin
Herba Polygoni Avicularis,Quercetin
Borneolum syntheticum,Baicalin
Scutellaria scordifolia,Baicalin
herba Menthae,Luteolin
herba Menthae,Apigenin
herba Menthae,Rutin
Microctis Folium,Quercetin
Fructus Xanthii sibirici,Quercetin
Fructus tsaoko,Curcumin
Fructus tsaoko,Quercetin
Cacumen et Folium Biotae,Apigenin
Cacumen et Folium Biotae,Quercetin
Camellia sinensis [Syn. Thea sinensis],Caffeine
Camellia sinensis [Syn. Thea sinensis],(-)-Epigallocatechin-3-Gallate
Camellia sinensis [Syn. Thea sinensis],Vitamin C
Radix Bupleuri,Quercetin
Radix Bupleuri,Baicalin
Radix Bupleuri,Rutin
Corydalis longicalcarata,Berberine
Radix Dichroae,Apigenin
Massa fermentata medicinalis Preparata,Naringin
Fructus Aurantii Preparata,Naringin
Herba Plantaginis,Luteolin
Herba Plantaginis,Baicalin
Semen Plantaginis,Apigenin
Semen Plantaginis,Quercetin
Pericarpium Citri Reticulatae,Naringin
Pericarpium Citri Reticulatae,Vitamin C
Lignum Aquilariae Resitum,Quercetin
Lignum Aquilariae Resitum,Rutin
Eupatorium lindleyanum,Quercetin
Tamarix chinensis,Quercetin
Corydalis remota [Syn. Corydalis bulbosa var. typica ],Berberine
Radix Paeoniae Rubra,Baicalin
Semen Phaseoli,Resveratrol
Lysimachia paridiformis,Luteolin
Lysimachia paridiformis,Quercetin
Dysosma veitchii,Quercetin
Bulbus Fritillariae Cirrhosae,Genistein
Rhizoma Coptidis,Berberine
Scutellaria hypericifolia,Baicalin
Fructus Meliae Toosendan,Berberine
Fructus Meliae Toosendan,Quercetin
Caulis Clematidis Armandii,Baicalin
Radix Cyathulae,Genistein
Radix Cyathulae,Quercetin
Radix Cudraniae,Resveratrol
Herba Sedi sarmentosi,Luteolin
Herba Sedi sarmentosi,Glycyrrhizin
Herba Sedi sarmentosi,Quercetin
Cortex Tooe Sinensis,Quercetin
Juniperus oxycedrus,Yohimbine
Licorice,Glycyrrhizin
Radix et Caulis Mahonae flavidae,Berberine
Eleutherococcus senticosus,Quercetin
Hippophae rhamnoides,Quercetin
CUI TU LUO FU MU,Yohimbine
Senecio oryzetorum,Quercetin
Plantago major,Luteolin
Plantago major,Baicalin
Glycine max,Genistein
Coffea liberica,Caffeine
Coffee,Caffeine
Rhodiola crenulata [Syn. Rhodiola euryphylla],Quercetin
Lagerstroemia speciosa,Quercetin
Herba Cirsii Japonici;Radix Cirsii Japonici;Herba seu Radix Cirsii japonici,Apigenin
Herba Cirsii Japonici;Radix Cirsii Japonici;Herba seu Radix Cirsii japonici,Quercetin
Lysimachia christinae,Quercetin
Cuscuta japonica,Quercetin
Selaginella doederleinii,Apigenin
Ampelopsis megalophylla,Quercetin
Gleditsiae Fructus,Quercetin
Semen Sojae Praeparata,Genistein
Semen Sojae Praeparata,Apigenin
Reseda luteola,Luteolin
Radix Salviae liguliobae,Luteolin
Radix Salviae liguliobae,Apigenin
Radix Salviae liguliobae,Quercetin
Radix Salviae liguliobae,Baicalin
Radix Salviae liguliobae,Rutin
Lysimachia candida,Quercetin
Vitex rotundifolia [Syn. Vitex trifollia var. simplicifolia ],Luteolin
Radix Angelicae sinensis,Curcumin
Radix Codonopsis pilosulae,Luteolin
Radix Codonopsis pilosulae,Apigenin
Rhodiola atuntsuensis,Rutin
Folium Wrightiae Laevis,Quercetin
Medulla Junci,Luteolin
Medulla Junci,Quercetin
Herba Hyperici Japonici,Quercetin
Cortex Illicii,Berberine
Fructus Kochiae,Quercetin
Cortex Lycii Radicis,Glycyrrhizin
Cortex Lycii Radicis,Apigenin
herba thymi mongolici,Apigenin
Herba Euphorbiae humifusae,Quercetin
Cynanchum thesioides,Quercetin
Radix Sanguisorbae,Quercetin
Scutellaria amoena,Baicalin
Flos Caryophylli,Quercetin
Cordyceps,Berberine
Cordyceps,Caffeine
Cordyceps,Vitamin C
Semen Benincasae,Vitamin C
Fructus Malvae,Luteolin
Fructus Malvae,Quercetin
Fructus Amomi Rotundus,Luteolin
Fructus Amomi Rotundus,Quercetin
Lamiophlomis rotata,Luteolin
Lamiophlomis rotata,Apigenin
Lamiophlomis rotata,Quercetin
Cortex Eucommiae,Berberine
Cortex Eucommiae,Genistein
Cortex Eucommiae,Quercetin
Cortex Eucommiae,Rutin
Coptis chinensis var. brevisepala,Berberine
Os Draconis Preparata,Calcium Carbonate
Concha Arcae Preparata,Calcium Carbonate
Herba Clinopodii,Apigenin
Herba Clinopodii,Vitamin C
Corydalis ledebouriana,Berberine
Meconopsis horridula,Luteolin
Meconopsis horridula,Apigenin
Erigeron multiradiatus,Luteolin
Erigeron multiradiatus,Apigenin
Erigeron multiradiatus,Quercetin
Herba Centipedae,Apigenin
Herba Centipedae,Quercetin
Herba Centipedae,Naringin
Cynanchum chinense,Apigenin
Anthriscus sylvestris,Riboflavin
Rhizoma Curcumae,Curcumin
Catechu,Quercetin
Herba Potentillae Discoloris,Luteolin
Herba Potentillae Discoloris,Apigenin
Herba Potentillae Discoloris,Quercetin
Eriocheir Sinensis seu Poramon,Calcium Carbonate
Radix Stephaniae Tetrandrae,Berberine
Smilax menispermoidea,Resveratrol
Juglans regia,Quercetin
Amberboa ramosa,Apigenin
Apis mellifera ligustica,Apigenin
Apis mellifera ligustica,Quercetin
Herba Pteridis multifidae,Luteolin
Herba Pteridis multifidae,Apigenin
Herba Pteridis multifidae,Quercetin
Herba Pteridis multifidae,Rutin
Pteris cretica var. nervosa [Syn. Pteris nervosa ],Luteolin
Pteris cretica var. nervosa [Syn. Pteris nervosa ],Quercetin
Herba Speranskiae tuberculatae,Quercetin
Ailanthi Altissimae Fructus,Quercetin
Sedum lineare [Syn. Sedum obtuso-lineare ],Luteolin
Sedum lineare [Syn. Sedum obtuso-lineare ],Quercetin
Rubi Fructus,Piperine
Rubi Fructus,Quercetin
Rubi Fructus,Rutin
Herba Spirodelae,Luteolin
Herba Spirodelae,Apigenin
Adonis amurensis,Apigenin
Radix Glycyrrhizae,Glycyrrhizin
Radix Glycyrrhizae,Quercetin
Radix Glycyrrhizae,Naringin
Radix Glycyrrhizae,Rutin
Radix Glycyrrhizae uralensis,Glycyrrhizin
Rhizoma Glycyrrhizae uralensis,Glycyrrhizin
Brassica oleracea var. capitata,Luteolin
Brassica oleracea var. capitata,Quercetin
Scutellaria rehderiana,Baicalin
Radix Kansui,Resveratrol
Coffea excelsa,Caffeine
Alpiniae Officirum Rhizome,Curcumin
Alpiniae Officirum Rhizome,Quercetin
Radix Puerariae,Genistein
flos puerariae lobatae,Piperine
flos puerariae lobatae,Genistein
flos puerariae lobatae,Quercetin
Concha Meretricis seu Cyclinae,Calcium Carbonate
Actinidia rubricaulis var. coriacea,Vitamin C
Caulis Mahoniae,Berberine
Caulis Mahoniae,Genistein
Ilex cornuta lindl,Caffeine
Ilex cornuta,Caffeine
Folium Ilicis Cornutae,Quercetin
Folium Ilicis Cornutae,Caffeine
Ilex cornuta Lindl,Caffeine
Poncirus trifoliata,Naringin
Fructus lycii,Berberine
Fructus lycii,Quercetin
Fructus lycii,Rutin
Fructus lycii,Vitamin C
Lycium chinense,Vitamin C
Fructus Lycii,Berberine
Fructus Lycii,Quercetin
Fructus Lycii,Rutin
Fructus Lycii,Vitamin C
Broussonetia papyrifera,Resveratrol
Ramulus Uncariae cum Uncis,Berberine
Ramulus Uncariae cum Uncis,Quercetin
Ramulus Uncariae cum Uncis,Yohimbine
Ramulus Uncariae cum Uncis,Rutin
Ancistrocladus korupensis,Luteolin
Flos Eriocauli,Luteolin
Flos Eriocauli,Quercetin
Rhizoma Dryriae,Luteolin
Rhizoma Dryriae,Naringin
Rhizoma Dryriae,Baicalin
Calycis Melo,Naringin
Phellodendri Amurensis Cortex,Quercetin
Herbahypericiperforati,Berberine
Herbahypericiperforati,Quercetin
Herbahypericiperforati,Rutin
Hypericum perforatum,Quercetin
Hypericum perforatum,Rutin
Rhizoma Dryopteris crassirhizomae,Naringin
Pogostemon Cablin (Blanco) Benth.,Berberine
Pogostemon Cablin (Blanco) Benth.,Quercetin
Rubia wallichiana,Luteolin
Rubia wallichiana,Apigenin
Rauwolfia nitida,Yohimbine
Fructus Choerospondiatis,Quercetin
Plastrum Testudinis,Calcium Carbonate
Colla carapacis et plastri testudinis,Calcium Carbonate
Ramulus Euonymi,Quercetin
Ramulus Euonymi,Baicalin
Dysosma versipellis [Syn. Podophyllum versipelle ],Quercetin
Dysosma versipellis [Syn. Podophyllum versipelle ],Rutin
Folium Sabinae chinensis,Apigenin
Herba Bidentis,Luteolin
Herba Bidentis,Quercetin
Ramulus Cinmomi,Luteolin
Acacia catechu,Vitamin C
Concha Cyclinae,Calcium Carbonate
Adenanthera pavonina,Apigenin
Spora Lygodii,Apigenin
Cortex erythrie,Genistein
Sargassum,Quercetin
Herba Ecliptae Prostratae,Luteolin
Herba Ecliptae Prostratae,Apigenin
Apium graveolens,Apigenin
Apium graveolens var. dulce,Apigenin
Calcitum,Calcium Carbonate
Scutellaria indica,Luteolin
Scutellaria indica,Apigenin
Flos Chrysanthemi,Luteolin
Flos Chrysanthemi,Apigenin
Fructus Carpesii,Luteolin
Polygonum multiflorum,Resveratrol
Semen Juglandis,Curcumin
Folium Nelumbinis,Luteolin
Folium Nelumbinis,Quercetin
Semen Glycine Max,Luteolin
Semen Glycine Max,Genistein
Valeriana amurensis,Luteolin
Scurrura atropurpurea,Caffeine
Trifolium pratense,Luteolin
Trifolium pratense,Genistein
Trifolium pratense,Quercetin
Herba hyperici,Quercetin
Flos Carthami,Luteolin
Flos Carthami,Apigenin
Flos Carthami,Quercetin
Flos Carthami,Baicalin
Flos Carthami,Rutin
Gentiana rhodantha,Quercetin
Meconopsis punicea,Luteolin
Meconopsis punicea,Apigenin
Radix et Rhizoma Rhodiolae,Rutin
Herba Lagotidis,Luteolin
Herba Lagotidis,Apigenin
Herba Lagotidis,Quercetin
Hedysari Radix,Quercetin
Semen Oryzae cum Monasco Fermentatum,Vitamin C
Cortex Magnoliae officilis,Rutin
Saxifraga Stolonifera,Quercetin
Herba Visci,Luteolin
Fructus Piperis,Piperine
Fructus Piperis,Vitamin C
Trigonellae Semen,Quercetin
Rhodiola subopposita,Rutin
Rhizoma Polygoni cuspidati,Luteolin
Rhizoma Polygoni cuspidati,Apigenin
Rhizoma Polygoni cuspidati,Quercetin
Rhizoma Polygoni cuspidati,Resveratrol
Fraxinus ornus,Apigenin
Fraxinus ornus,Quercetin
Uncaria sinensis,Quercetin
Pericarpium Zanthoxyli,Berberine
Pericarpium Zanthoxyli,Quercetin
Exocarpium Citri grandis,Apigenin
Exocarpium Citri grandis,Naringin
Actinidia glaucophylla,Vitamin C
Ophicalcitum,Calcium Carbonate
Symplocos chinensis,Quercetin
Testa Arachidis Hypogaeae,Luteolin
Testa Arachidis Hypogaeae,Apigenin
Testa Arachidis Hypogaeae,Quercetin
Testa Arachidis Hypogaeae,Resveratrol
Sophora japonica,Genistein
flos Sophorae,Genistein
flos Sophorae,Quercetin
flos Sophorae,Rutin
fructus Sophorae,Genistein
fructus Sophorae,Quercetin
fructus Sophorae,Baicalin
Phellodendron amurense,Berberine
Phellodendron amurense,Quercetin
Phellodendron amurense,Caffeine
Phellodendron amurense,Rutin
Cortex Phellodendri,Berberine
Hypericum ascyron,Quercetin
Lonicera fulvotomentosa,Luteolin
Artemisia annua,Luteolin
Artemisia Annua,Artemisinin
Artemisia annua,Quercetin
Artemisia annua,Rutin
Piptanthus nepalensis,Genistein
Rhizoma Polygoti,Apigenin
Rhizoma Coptidis,Quercetin
Radix Astragali,Quercetin
Radix Astragali,Rutin
Radix Scutellariae,Apigenin
Radix Scutellariae,Baicalin
Abelmoschus manihot,Quercetin
Rhizoma Dioscoreae bulbiferae,Quercetin
Lupinus luteus,Genistein
Semen Canbis;Fructus Canbis,Luteolin
Semen Canbis;Fructus Canbis,Apigenin
Herba Capsellae,Yohimbine
Flos Celosiae cristatae,Luteolin
Flos Celosiae cristatae,Apigenin
Erythrina latissima,Genistein
Piper guineense,Piperine
Rhodiola algida,Rutin
Reineckea carnea,Quercetin
Semen Impatientis,Quercetin
herba centellae,Apigenin
herba centellae,Quercetin
herba centellae,Vitamin C
Caulis Millettiae; Caulis spatholobi,Luteolin
Caulis Millettiae; Caulis spatholobi,Genistein
Kummerowia striata,Luteolin
Kummerowia striata,Apigenin
Sinoadina racemosa [Syn. Adina racemosa ],Quercetin
Bacopa monniera,Luteolin
Bacopa monniera,Apigenin
Nerium indicum,Rutin
Epimedium sagittatum,Quercetin
Lignum Dalbergiae odoriferae Rosewood,Luteolin
Lignum Dalbergiae odoriferae Rosewood,Genistein
Gynostemmae Pentaphylli Herba,Quercetin
Gynostemmae Pentaphylli Herba,Rutin
Radix Platycodi,Luteolin
Radix Platycodi,Vitamin C
Sambucus williamsii,Vitamin C
Herba Inulae,Luteolin
Herba Inulae,Apigenin
Herba Inulae,Quercetin
Actinidia chrysantha,Vitamin C
Berberis wilsonae,Berberine
Flos Trollii chinensis,Quercetin
Flos Trollii chinensis,Vitamin C
Herba Glechomae Longitubae,Apigenin
Herba Glechomae Longitubae,Quercetin
Herba Glechomae Longitubae,Rutin
Rhizoma Fagopyri Cymosi,Luteolin
Rhizoma Fagopyri Cymosi,Quercetin
Hypericum patulum,Quercetin
Craibiodendron yunnanese,Quercetin
Flos Lonicerae,Luteolin
Flos Lonicerae,Apigenin
Flos Lonicerae,Quercetin
Flos Lonicerae,Rutin
Fructus Rosae laevigatae,Apigenin
Fructus Rosae laevigatae,Quercetin
Herba Schizonepetae,Luteolin
Herba Schizonepetae,Apigenin
Herba Schizonepetae,Quercetin
Radix Schizomepetae tenuifoliae,Luteolin
Actinidia callosa var. henryi,Vitamin C
Rhizome fagopyri dibotryis,Luteolin
Rhizome fagopyri dibotryis,Quercetin
Aspongopus,Calcium Carbonate
Flos Chrysanthemi,Quercetin
Herba Cichorii,Luteolin
Herba Cichorii,Apigenin
Herba Cichorii,Quercetin
Citrus reticulata,Naringin
folium citri tangerie,Baicalin
Herba Selaginellae,Apigenin
Herba Selaginellae,Quercetin
Semen Cassiae,Luteolin
Tagetes patula,Quercetin
Conyza blinii,Quercetin
Fagopyrum tataricum,Luteolin
Fagopyrum tataricum,Quercetin
Fagopyrum tataricum,Rutin
Radix Sophorae flavescentis,Luteolin
Radix Sophorae flavescentis,Apigenin
Radix Sophorae flavescentis,Quercetin
Semen armeniacae amarum,Luteolin
Semen armeniacae amarum,Apigenin
Phlomis tuberosa,Caffeine
flos farfarae,Quercetin
Typha latifolia,Quercetin
Actinidia latifolia,Vitamin C
Brandisia hancei,Luteolin
Isodon japonica var. glaucocalyx,Luteolin
Isodon japonica var. glaucocalyx,Apigenin
Herba bidentis tripartitae,Luteolin
Bidens tripartita,Luteolin
Bidens tripartita,Apigenin
Bidens tripartita,Quercetin
Herba ErodiiHerba Geranii,Luteolin
Herba ErodiiHerba Geranii,Quercetin
Acanthus ilicifolius,Apigenin
Acanthus ilicifolius,Quercetin
radix tripterygii wilfordii,Caffeine
radix tripterygii wilfordii,Baicalin
Peucedanum govanianum var. bicolo,Quercetin
pericarpium pyri,Quercetin
Semen Litchi,Quercetin
Receptaculum Nelumbinis,Quercetin
Receptaculum Nelumbinis,Naringin
Fructus Forsythiae,Luteolin
Fructus Forsythiae,Quercetin
Fructus Forsythiae,Rutin
Stamen Nelumbinis,Luteolin
Stamen Nelumbinis,Quercetin
Plumula Nelumbinis,Luteolin
Plumula Nelumbinis,Quercetin
Plumula Nelumbinis,Rutin
Rhododendron huianum,Quercetin
Lysimachiae Foenigraeci Herba,Quercetin
Rhododendron mariae,Quercetin
Flos Campsis,Apigenin
Herba Siphonostegiae Chinensis,Luteolin
Herba Siphonostegiae Chinensis,Apigenin
Ganoderma Lucidum seu Japonicum,Genistein
Ganoderma Lucidum seu Japonicum,Vitamin C
Herba Artemisiae Anomalae,Luteolin
Herba Artemisiae Anomalae,Apigenin
Massa Medicata Fermentata,Quercetin
Ixora chinensis,Genistein
Os Draconis,Calcium Carbonate
Solanum nigrum L.,Quercetin
Solanum nigrum L.,Vitamin C
Clerodendron cyrtophyllum,Luteolin
Clerodendron cyrtophyllum,Quercetin
Rhaponticum carthamoides,Apigenin
Rhizoma Phragmitis,Quercetin
Aloe,Quercetin
Aloe,Rutin
Cornu Cervi,Calcium Carbonate
Fructus Liquidambaris,Naringin
Isodon rubescens var. lushiensis,Quercetin
herba pyrolae chinensis,Quercetin
Apocynum venetum,Quercetin
Rauvolfia verticillata,Yohimbine
Fructus Momordicae,Curcumin
Arachis hypogaea,Luteolin
Caulis Trachelospermi,Luteolin
Caulis Trachelospermi,Apigenin
Hypericum laricifolium,Quercetin
Herba Humuli Scandentis,Luteolin
Herba Humuli Scandentis,Apigenin
Herba Humuli Scandentis,Vitamin C
herba meconpsis integrifoliae,Luteolin
herba meconpsis integrifoliae,Apigenin
herba meconpsis integrifoliae,Quercetin
Herba Verbae,Luteolin
Herba Verbae,Apigenin
Herba Verbae,Quercetin
Herba Portulacae,Luteolin
Herba Portulacae,Apigenin
Herba Portulacae,Quercetin
Herba Portulacae,Vitamin C
Cannabis sativa,Piperine
Herba Ephedrae,Luteolin
Herba Ephedrae,Apigenin
Herba Ephedrae,Quercetin
Herba Ephedrae,Vitamin C
Radix Ephedrae,Apigenin
Radix Ephedrae,Quercetin
Bauhinia malabarica,Quercetin
Radix et Rhizoma Thalictri,Berberine
Radix et Rhizoma Thalictri,Quercetin
Radix et Rhizoma Thalictri,Baicalin
Rhododendron ovatum,Quercetin
Fructus Hordei Germitus,Luteolin
Fructus Hordei Germitus,Vitamin B6
Fructus Viticis,Luteolin
Fructus Viticis,Quercetin
Folium Rhododendri Daurici,Quercetin
Flemingia philippinensis [Syn. Moghania philippinensis],Genistein
Flemingia philippinensis [Syn. Moghania philippinensis],Quercetin
Semen Mangiferae indica,Quercetin
Erodium stephanianum,Quercetin
Caragana tibetica,Resveratrol
Rhododendron seniavinii,Quercetin
Actinidia eriantha,Vitamin C
Veratrum grandiflorum,Resveratrol
Corydalis rosea,Rutin
Flos Rosae Rugosae,Apigenin
Flos Rosae Rugosae,Quercetin
Flos Mume,Genistein
Actinidia deliciosa,Vitamin C
Hamamelis virginiana,(-)-Epigallocatechin-3-Gallate
Actinidia arguta,Vitamin C
Flos Buddlejae,Luteolin
Flos Buddlejae,Apigenin
herba ecliptae,Luteolin
herba ecliptae,Apigenin
herba ecliptae,Quercetin
Myrrha,Quercetin
Cortex Moutan,Quercetin
Fructus Caryophylli,Quercetin
Fructus Chaenomelis,Quercetin
Semen Oroxyli,Berberine
Semen Oroxyli,Apigenin
Semen Oroxyli,Quercetin
Semen Oroxyli,Baicalin
Oroxylum indicum,Baicalin
Folium Viticis Negundo,Resveratrol
Crassostrea gigas,Calcium Carbonate
Flos Gossampini,Luteolin
Flos Gossampini,Apigenin
Flos Gossampini,Quercetin
Herba Equiseti Hiemalis,Luteolin
Herba Equiseti Hiemalis,Apigenin
Herba Equiseti Hiemalis,Quercetin
Microtoena prainiana,Luteolin
Microtoena prainiana,Apigenin
Cuscuta australis,Quercetin
Radix Adenophorae,Baicalin
Flos Rhododendri Mollis,Quercetin
Lycium barbarum,Quercetin
Sonchus arvensis,Apigenin
Radix Achyranthis bidentatae,Berberine
Radix Achyranthis bidentatae,Quercetin
Radix Achyranthis bidentatae,Baicalin
Fructus Ligustri lucidi,Quercetin
Fructus Ligustri lucidi,Luteolin
Fructus Ligustri lucidi,Apigenin
Fructus Ligustri lucidi,Rutin
Levisticum officinale,Rutin
nodus nelumbinis rhizomatis,Berberine
Nodus nelumbinis rhizomatis,Berberine
Derris scandens,Genistein
Fructus Paulowniae fortunei,Luteolin
Fructus Paulowniae fortunei,Apigenin
Fructus Paulowniae fortunei,Quercetin
Herba Eupatorii,Luteolin
Curcuma zedoaria Rosc,Curcumin
Cuscuta lupuliformis,Quercetin
Folium Eriobotryae,Quercetin
Folium Eriobotryae,(-)-Epigallocatechin-3-Gallate
Rhizoma Wenyujin Concisum,Curcumin
Camellia sinensis var. assamica,Caffeine
Taraxacum mongolicum,Quercetin
pollen typhae,Quercetin
Vitis vinifera,Resveratrol
radix Peucedani,Quercetin
radix Peucedani,Resveratrol
Radix Moghaniae Philippinensis,Genistein
Radix Moghaniae Philippinensis,Naringin
Stephania japonica,Berberine
Senecio scandens,Luteolin
Senecio scandens,Quercetin
Rhizoma Homalomee occultae,Resveratrol
Semen Pharbitidis,Calcium Carbonate
Lythrum salicaria,Apigenin
Semen Euryales,Vitamin C
Erythrina arborescens,Genistein
Herba Artemisiae Annuae,Luteolin
Herba Artemisiae Annuae,Apigenin
Herba Artemisiae Annuae,Quercetin
Vatica rassak,Resveratrol
Pericarpium Citri Reticulatae Viride,Calcium Carbonate
Pericarpium Citri Reticulatae Viride,Naringin
Herba Nerviliae,Riboflavin
Flemingia strobilifera,Naringin
Rhizoma Bistortae,Quercetin
Genista tinctoria,Genistein
Lonicera japonica,Luteolin
Radix Ginseng,Resveratrol
Folium Ginseng,Quercetin
Folium Ginseng,Riboflavin
Chamaecyparis pisifera,Apigenin
Phellodendron japonicum,Quercetin
Lythrum anceps,Apigenin
Herba Cistanches,Genistein
Herba Cistanches,Quercetin
Herba Cistanches,Calcium Carbonate
Resi oliani,Quercetin
Rhododendron lingii,Quercetin
Nux Prinsepiae,Quercetin
Rhizoma seu Herba Saururi,Quercetin
Cephalotaxus fortunei,Apigenin
Rhizoma Sparganii,Apigenin
Radix Notoginseng,Quercetin
Radix Notoginseng,Rutin
Notoginseng Flos,Caffeine
Herba Taxilli,Quercetin
Fructus Mori,Quercetin
Fructus Mori,Rutin
Fructus Mori,Vitamin C
Folium Mori,Quercetin
fructus hippophae,Luteolin
fructus hippophae,Quercetin
fructus hippophae,Rutin
fructus hippophae,Vitamin C
Fructus Amomi,Quercetin
Fructus Amomi,Rutin
Fructus Amomi,Vitamin C
Semen Astragali Complati,Quercetin
Radix Sophorae Tonkinensis,Luteolin
Radix Sophorae Tonkinensis,Genistein
Radix Sophorae Tonkinensis,Apigenin
Radix Sophorae Tonkinensis,Quercetin
Ixeris chinensis,Luteolin
Ixeris chinensis,Apigenin
Ixeris chinensis,Calcium Carbonate
Lactuca indica,Luteolin
Lactuca indica,Apigenin
Lactuca indica,Quercetin
Crataegus pinnatifida,Rutin
Crataegi Folium,Quercetin
Fructus Corni,Curcumin
Fructus Corni,Quercetin
Fructus Corni,Rutin
Rhizoma Belamcandae,Luteolin
Rhizoma Belamcandae,Genistein
Rhizoma Belamcandae,Apigenin
Ampelopsis brevipedunculata,Apigenin
Ampelopsis brevipedunculata,Quercetin
Andrographis elongata,Luteolin
Rhodiola coccinea,Rutin
Ageratum conyzoides,Quercetin
Sophora Japonica L,Genistein
Rhizoma Cimicifugae,Vitamin C
Rhizoma Acori Talarinowii,Apigenin
Calyx Kaki,Quercetin
Concha Haliotidis,Caffeine
Concha Haliotidis,Calcium Carbonate
Pericarpium Grati,Luteolin
Pericarpium Grati,Quercetin
Gentianopsis paludosa,Luteolin
Diospyros kaki,Genistein
Diospyros kaki,Quercetin
Fructus Polygoni Orientalis,Quercetin
Veronica anagalis aquatica L.,Luteolin
Saussurea medusa,Luteolin
Saussurea medusa,Apigenin
Saussurea medusa,Quercetin
Oldenlandia corymbosa,Genistein
Schnabelia tetradonta,Apigenin
Folium Llicis Chinensis,Apigenin
Folium Llicis Chinensis,Quercetin
Rhodiola quadrifida,Rutin
Lignum Pini Nodi,Quercetin
Folium Pini,Luteolin
Folium Pini,Berberine
Folium Pini,Quercetin
Folium Pini,Silymarin
Cola acuminata,Caffeine
Caesalpinia sappan,Quercetin
Semen Aesculi,Curcumin
Semen Aesculi,Quercetin
Cephalotaxus wilsoniana,Apigenin
Radix Pseudostellariae,Luteolin
Lignum Santaii Albi,Luteolin
Lignum Santaii Albi,Apigenin
Rhodomyrtus tomentosa,Quercetin
Semen Persicae,Luteolin
Semen Persicae,Apigenin
Radix Asparagi,Quercetin
Semen Cucumis,Naringin
Radix Semiaquilegiae,Genistein
Asparagus cochinchinensis [Syn. Asparagus lucidus ],Quercetin
Rheum wittrocki,Resveratrol
Garcinia dulcis,Apigenin
Concretio Silicea Bambusae,Genistein
Radix Smilacis,Naringin
Herba Acalyphae,Quercetin
Herba Acalyphae,Silymarin
Semen Lepiddi seu Descurainiae;Semen Lepidii；Semen Descurainiae,Quercetin
Rhizoma Smilacis Glabrae,Quercetin
Rhizoma Smilacis Glabrae,Resveratrol
Senecio chrysanthemoides,Luteolin
Senecio chrysanthemoides,Quercetin
Semen Cuseutae,Quercetin
Semen Cuseutae,Riboflavin
Origanum vulgare,Naringin
Concha Arcae,Calcium Carbonate
Hypericum curvisepalum,Rutin
Semen Vaccariae,Quercetin
Semen Vaccariae,Resveratrol
Magnolia biondii,Berberine
Herba Potentillae Chinensis,Genistein
Herba Potentillae Chinensis,Apigenin
Herba Potentillae Chinensis,Quercetin
Radix Clematidis,Quercetin
semen sapindi mukorossi,Apigenin
Sapindus mukorossi,Apigenin
Folium Acanthopanacis gracilistyti,Quercetin
Aquilegia ecalcarata,Luteolin
Aquilegia ecalcarata,Apigenin
Fructus Mume,Genistein
Fructus Mume,Quercetin
Firmiana simplex,Caffeine
Radix Firmianae plantanifoliae,Caffeine
Flos Firmianae plantanifoliae,Apigenin
Flos Firmianae plantanifoliae,Caffeine
Semen Firmiae,Caffeine
Radix Linderae,Quercetin
Fructus Evodiae,Quercetin
Sepiella maindronide Rochebrune,Calcium Carbonate
Fructus Evodiae,Berberine
Fructus Evodiae,Caffeine
Fructus Evodiae,Rutin
Cacumen Tamaricis,Quercetin
Stigma Croci,Quercetin
Rhinoceros sumatrensis,Calcium Carbonate
Rhodiola himalansis,Rutin
Camptotheca acuminata,Quercetin
Radix Pacis quinquefolii,Vitamin B6
Spica Prunellae,Luteolin
Spica Prunellae,Quercetin
Spica Prunellae,Calcium Carbonate
Spica Prunellae,Rutin
Rhodiola kirilowii,Rutin
Typha angustifolia,Quercetin
Ampelopsis grossedentata,Quercetin
Herba Agrimoniae,Luteolin
Herba Agrimoniae,Apigenin
Herba Agrimoniae,Quercetin
Berberis diaphana,Berberine
Rhizoma Curculiginis,Caffeine
Opuntia dillenii,Quercetin
Rhizoma Cyperi,Luteolin
Rhizoma Cyperi,Quercetin
Rhizoma Cyperi,Rutin
Herba Elsholtziae,Luteolin
Herba Elsholtziae,Apigenin
Herba Elsholtziae,Quercetin
Berberis amurensis,Berberine
Coffea arabica,Caffeine
Herba Cirsii,Luteolin
Herba Cirsii,Apigenin
Herba Cirsii,Quercetin
Piptanthus nanus,Genistein
Piptanthus nanus,Apigenin
Medulla Stachyuri Medulla Helwingiae,Quercetin
Bupleurum smithii var. parvifolium,Quercetin
Murraya paniculata var. exotica,Caffeine
Gnetum parvifolium,Resveratrol
Bulbus Allii Macrostemi,Quercetin
Bupleurum sibiricum,Quercetin
Salvia staminea,Luteolin
Salvia staminea,Apigenin
Flos Inulae,Luteolin
Flos Inulae,Quercetin
Saussurea involucrata,Luteolin
Saussurea involucrata,Apigenin
Fructus Bruceae,Luteolin
Fructus Bruceae,Apigenin
Cryptotaenia japonica,Luteolin
Cryptotaenia japonica,Apigenin
Herba Commelie,Luteolin
Herba Commelie,Apigenin
Herba Commelie,Quercetin
Nicotiana tabacum,Quercetin
Rhizoma Corydalis,Berberine
Rhizoma Corydalis,Quercetin
Buddleia officinalis Maxim,Apigenin
Flos Daturae,Quercetin
Syzygium samarangense,Quercetin
Achillea millefolium,Apigenin
Taraxacum officinale,Luteolin
Taraxacum officinale,Apigenin
Taraxacum officinale,Quercetin
Chrysanthemum indicum,Luteolin
Chrysanthemum indicum,Apigenin
Chrysanthemum indicum,Quercetin
Flos Chrysanthemi Indici,Luteolin
Flos Chrysanthemi Indici,Apigenin
Flos Chrysanthemi Indici,Quercetin
Crataegus cuneata,Rutin
Phyllanthus urinaria,Quercetin
Phyllanthus urinaria,Rutin
Herba Leonuri,Apigenin
Herba Leonuri,Quercetin
Herba Leonuri,Rutin
Urtica dioica,Quercetin
Radix Stellariae,Vitamin C
Herba Artemisiae Scopariae,Quercetin
Herba Artemisiae Scopariae,Rutin
Rauwolfia serpentina,Yohimbine
Siphonostegia chinensis,Luteolin
Siphonostegia chinensis,Apigenin
Siphonostegia chinensis,Vitamin C
Rhododendron mucronulatum,Quercetin
pericarpium papaveris,Vitamin C
Ardisia colorata,Quercetin
Fructus Phyllanthi,Luteolin
Fructus Phyllanthi,Quercetin
Fructus Phyllanthi,(-)-Epigallocatechin-3-Gallate
Semen Pruni,Quercetin
Stigma Maydis,Luteolin
Herba Houttuyniae,Luteolin
Herba Houttuyniae,Apigenin
Herba Houttuyniae,Quercetin
Herba Houttuyniae,Rutin
Radix Echinopsis,Luteolin
Radix Echinopsis,Quercetin
Hypericum sampsonii,Quercetin
Rhodiola juparensis,Rutin
Flos Genkwa,Luteolin
Flos Genkwa,Genistein
Flos Genkwa,Apigenin
Flos Genkwa,Quercetin
Daphne genkwa,Apigenin
Caulis Genkwa,Curcumin
Coriandri Sativi Herba,Quercetin
Polygala tenuifolia,Rutin
Flos Rosae chinensis,Quercetin
Flos Rosae chinensis,Riboflavin
Rhodiola yunnanesis,Rutin
Coptis teetoides [Syn. Coptis teeta],Berberine
Rauvolfia yunnanensis,Yohimbine
Terra Flava Usta,Luteolin
Terra Flava Usta,Apigenin
Spi gleditsiae,Quercetin
Pterospermum lanceaefolium,Quercetin
Hypericum lancasteri,Quercetin
Scutellaria viscidula,Baicalin
Rhododendron micranthum,Quercetin
Margarita,Calcium Carbonate
Sorbaria sorbifolia,Quercetin
Radix Glycyrrhizae Praeparata,Glycyrrhizin
Radix Glycyrrhizae Praeparata,Rutin
Radix Glycyrrhizae Preparata,Glycyrrhizin
Fructus Aurantii,Naringin
Fructus Aurantii Immaturus,Luteolin
Fructus Aurantii Immaturus,Apigenin
Fructus Aurantii Immaturus,Naringin
Fructus Gardeniae,Genistein
Fructus Gardeniae,Apigenin
Fructus Gardeniae,Quercetin
Fructus Gardeniae,Rutin
Hippophae rhamnoides subsp. sinensis,Quercetin
Inula britannica var. chinensis,Quercetin
Herba Sarcatidrae,Quercetin
Hippophae rhamnoides subsp. turkestanica,Quercetin
Radix Boehmeriae,Quercetin
Ardisia japonica,Quercetin
Fructus Perillae,Luteolin
Fructus Perillae,Apigenin
radix asteris,Luteolin
radix asteris,Apigenin
radix asteris,Quercetin
Lagerstroemia indica,Apigenin
Campsis grandiflora,Apigenin
Hibiscus Sabdariffa,Anthocyanins
Ginkgo biloba,Quercetin
Ginkgo Biloba,Ginkgolide
Silybum Marianum,Quercetin
Silybum Marianum,Silybin
Silybum Marianum,Silybin A
Silybum Marianum,Silybin B
