Herb_ID,Drug_ID,Label
48,704,2
49,31,1
50,704,2
51,704,2
51,705,2
52,705,2
53,706,0
53,707,2
53,708,0
53,704,0
53,709,1
53,710,2
54,711,0
55,31,1
56,31,1
57,31,1
58,31,1
59,31,1
60,31,1
61,31,1
62,31,1
63,705,2
64,705,2
65,704,2
66,704,2
67,712,2
67,704,2
68,706,0
68,707,2
68,708,0
68,704,2
68,709,1
68,710,2
69,705,2
70,29,1
71,704,2
71,705,2
72,704,2
73,704,2
74,713,1
75,713,1
76,29,2
77,31,0
78,714,2
78,715,0
78,716,0
78,37,0
78,704,0
78,38,0
79,717,1
80,704,2
80,705,2
81,705,2
82,705,2
83,704,2
84,713,1
85,713,1
85,705,2
86,713,1
87,718,2
88,704,2
89,704,2
90,704,2
91,719,2
92,38,2
93,38,2
94,712,2
94,713,1
94,704,2
95,704,2
96,720,2
96,721,0
97,714,0
97,716,0
97,704,0
97,722,0
97,723,0
98,713,1
98,705,2
99,704,2
100,714,0
100,716,2
100,37,2
100,38,0
100,724,1
100,705,2
101,714,0
101,716,2
101,37,2
101,38,0
101,724,1
101,705,2
102,714,0
102,716,2
102,37,2
102,38,0
102,724,1
102,705,2
103,713,1
103,704,2
103,705,2
104,705,2
105,712,2
105,725,0
106,713,1
107,713,1
107,704,2
108,709,1
109,705,2
110,704,2
111,704,1
111,710,1
112,704,2
113,704,2
114,726,2
115,704,2
116,704,2
116,705,2
117,704,2
118,720,2
118,721,0
119,727,2
119,728,0
120,704,2
121,31,1
121,729,0
121,714,0
121,716,0
121,36,0
121,37,0
121,730,2
121,731,1
121,724,1
121,732,1
122,36,0
122,731,1
122,732,1
123,705,2
124,704,2
125,706,0
125,733,1
125,708,0
125,704,1
125,734,1
126,709,1
127,704,2
128,712,2
128,725,0
129,706,0
129,707,2
129,708,0
129,704,0
129,709,1
129,710,2
130,714,0
130,716,2
130,37,2
130,704,1
130,38,0
130,724,1
130,705,2
130,710,1
131,713,1
131,704,1
131,710,1
132,713,1
132,705,2
133,735,2
134,705,2
135,705,2
136,705,2
137,714,0
137,716,2
137,37,2
137,38,0
137,724,1
137,705,2
138,705,2
139,713,1
139,704,2
139,705,2
140,713,1
141,714,0
141,715,0
141,736,1
141,704,0
142,727,2
142,728,0
143,713,1
143,704,2
144,718,2
145,36,0
145,731,1
145,732,1
146,36,0
146,731,1
146,732,1
147,36,0
147,731,1
147,732,1
148,706,1
148,720,2
148,737,0
148,31,1
148,738,1
148,739,1
148,740,1
148,741,1
148,742,1
148,743,1
148,744,1
148,745,1
148,704,1
148,746,1
148,747,1
149,36,0
149,731,1
149,732,1
150,720,2
150,721,0
151,29,2
152,720,2
152,721,0
153,720,2
153,721,0
154,720,2
154,721,0
155,720,2
155,36,0
155,721,0
155,731,1
155,732,1
156,720,2
156,721,0
157,704,1
157,710,1
158,704,2
159,714,0
159,716,2
159,37,2
159,38,0
159,724,1
159,705,2
160,714,0
160,716,2
160,37,2
160,38,0
160,724,1
160,705,2
161,31,1
161,714,0
161,716,2
161,36,0
161,37,2
161,38,0
161,731,1
161,724,1
161,732,1
161,705,2
162,704,2
163,720,2
163,721,0
164,714,0
164,712,2
164,716,2
164,37,2
164,704,2
164,38,0
164,724,1
164,705,2
164,710,1
165,714,0
165,716,2
165,37,2
165,38,0
165,724,1
165,705,2
166,704,2
166,705,2
166,710,0
167,712,2
168,704,2
169,714,0
169,716,2
169,37,2
169,38,0
169,724,1
169,705,2
170,704,2
171,704,1
171,710,1
172,714,0
172,716,2
172,37,2
172,38,0
172,724,1
172,705,2
173,714,0
173,716,2
173,37,2
173,38,0
173,724,1
173,705,2
174,714,0
174,716,2
174,37,2
174,38,0
174,724,1
174,705,2
175,712,2
176,704,2
177,720,2
177,721,0
178,704,2
179,712,2
180,711,0
181,712,2
182,31,1
183,713,1
183,705,2
184,706,0
184,707,2
184,708,0
184,704,0
184,709,1
184,710,2
185,704,2
186,704,2
187,704,2
188,705,2
189,704,2
190,29,2
191,705,2
192,704,1
192,710,1
193,704,2
194,704,2
194,710,1
195,704,2
196,712,2
196,704,2
197,712,2
197,704,2
198,714,1
198,715,1
198,748,0
198,736,1
198,716,0
198,749,0
198,750,0
198,727,0
198,751,0
198,704,2
198,752,0
198,723,1
198,29,0
199,704,2
200,704,2
201,753,2
201,754,2
201,755,2
201,756,2
201,757,2
202,713,1
202,704,2
202,705,2
203,720,2
203,721,0
204,704,2
205,704,1
205,710,1
206,704,1
206,710,1
207,704,2
208,758,2
209,727,2
209,728,0
209,705,2
210,712,2
210,713,1
210,704,2
211,36,0
211,731,1
211,732,1
212,704,2
212,710,1
213,727,2
213,728,0
214,713,1
214,705,2
215,705,2
216,712,2
216,725,0
216,713,1
216,704,2
216,705,2
217,704,2
218,713,1
218,705,2
219,713,1
219,704,2
219,705,2
220,713,1
220,704,2
220,705,2
221,704,2
222,713,1
222,705,2
223,713,1
223,704,2
224,36,0
224,731,1
224,732,1
224,705,2
225,713,1
225,704,2
225,705,2
225,710,1
226,713,1
226,704,2
226,705,2
227,713,1
227,704,2
228,712,2
228,713,1
228,704,2
228,705,2
229,704,1
229,710,1
230,704,2
231,704,2
231,705,2
232,717,1
232,704,2
233,31,1
233,704,2
234,704,2
235,712,2
235,713,1
235,704,2
235,705,2
236,729,0
236,714,0
236,716,0
236,37,0
236,704,2
236,730,2
236,724,1
237,717,1
237,704,2
238,36,0
238,704,2
238,731,1
238,732,1
239,704,2
239,705,2
240,704,2
241,713,1
241,704,2
242,714,0
242,716,2
242,713,1
242,37,2
242,704,2
242,722,0
242,38,0
242,724,1
242,705,2
242,723,0
243,704,2
244,705,2
245,709,1
246,704,2
247,704,2
247,705,2
248,31,1
248,712,2
248,704,2
249,713,1
249,704,2
250,713,1
250,704,2
250,734,2
251,727,2
251,728,0
252,713,1
252,727,2
252,728,0
252,705,2
253,727,2
253,728,0
254,713,1
254,705,2
255,713,1
256,704,2
257,704,2
258,704,2
259,706,0
259,712,2
259,707,2
259,708,0
259,704,2
259,709,1
259,710,2
260,714,0
260,712,2
260,716,2
260,36,0
260,37,2
260,704,2
260,38,0
260,731,1
260,724,1
260,732,1
260,705,2
260,735,1
261,712,2
261,713,1
261,704,2
262,712,2
262,704,2
262,705,2
262,710,1
263,713,1
263,734,2
264,704,2
265,712,2
265,713,1
265,704,2
265,705,2
266,727,2
266,728,0
267,31,1
267,714,0
267,712,2
267,716,2
267,37,2
267,704,2
267,38,0
267,724,1
267,705,2
268,713,1
268,704,2
269,714,0
269,716,2
269,37,2
269,704,2
269,38,0
269,724,1
269,705,2
270,706,0
270,707,2
270,708,0
270,704,0
270,709,1
270,710,2
271,31,1
271,712,2
271,704,2
272,704,2
272,710,1
273,713,1
273,704,2
273,705,2
274,713,1
274,705,2
275,729,0
275,714,0
275,716,0
275,713,1
275,37,0
275,704,2
275,730,2
275,724,1
276,706,0
276,31,1
276,733,1
276,708,0
276,704,1
276,734,1
277,704,2
278,704,2
278,705,2
279,713,1
279,704,2
280,704,2
281,31,1
281,714,0
281,712,2
281,716,2
281,37,2
281,704,2
281,38,0
281,705,2
282,706,0
282,707,2
282,708,0
282,704,2
282,709,1
282,710,2
283,31,1
283,704,1
283,710,1
284,705,2
285,759,2
286,704,1
286,710,1
287,704,2
288,713,1
289,760,0
289,31,2
289,761,0
289,39,0
289,716,0
289,762,0
289,753,2
289,763,0
289,708,0
289,764,1
289,751,0
289,704,2
289,722,1
289,38,2
289,765,0
289,752,0
289,766,2
289,723,2
289,767,2
289,29,2
290,768,0
290,35,0
290,769,0
290,761,0
290,770,0
290,771,1
290,36,2
290,30,1
290,704,0
290,734,2
290,772,2
290,773,0
290,774,2
290,775,0
290,776,2
290,29,0
291,753,2
291,704,2
14,760,0
14,714,1
14,716,0
14,711,2
14,777,2
14,778,1
14,779,2
14,29,2
14,780,2
292,704,2
293,704,1
293,710,1
294,781,1
295,709,1
296,30,2
297,712,2
297,704,2
298,729,0
298,714,0
298,716,0
298,37,0
298,730,2
298,724,1
299,29,2
300,704,2
301,714,0
301,716,0
301,704,2
301,722,0
301,723,0
302,713,1
302,704,2
302,705,2
303,713,1
303,704,2
303,705,2
304,713,1
304,705,2
305,712,2
305,704,2
306,713,1
306,704,2
307,726,2
308,727,2
308,704,2
308,728,0
308,705,2
309,713,1
309,704,2
309,705,2
310,713,1
310,704,2
310,705,2
311,704,2
311,705,2
312,720,2
312,721,0
312,704,2
312,710,1
313,31,1
313,705,2
314,713,1
314,704,2
314,705,2
315,713,1
315,705,2
316,713,1
316,704,2
316,705,2
317,31,1
317,713,1
317,704,2
317,705,2
318,713,1
318,704,2
318,705,2
319,713,1
319,704,2
320,713,1
321,704,2
322,712,2
322,704,2
322,705,2
323,712,2
323,704,2
324,712,2
324,713,1
324,704,2
324,705,2
325,31,1
325,713,1
325,705,2
326,704,2
327,713,1
327,704,2
327,705,2
328,713,1
328,704,2
328,705,2
329,712,2
329,704,2
329,705,2
330,713,1
330,704,2
330,705,2
331,717,1
332,713,1
332,704,2
332,705,2
333,712,2
333,725,0
333,713,1
334,713,1
334,704,2
335,31,1
335,713,1
335,704,2
335,705,2
336,704,2
336,705,2
336,710,1
337,713,1
337,704,2
337,705,2
338,712,2
338,713,1
338,704,2
338,705,2
339,704,2
340,713,1
340,704,2
340,705,2
341,712,2
341,725,0
341,713,1
341,704,2
341,705,2
342,713,1
342,704,2
342,710,0
343,704,2
343,705,2
344,720,2
344,721,0
345,713,1
345,705,2
346,704,2
347,713,1
347,705,2
348,704,2
349,713,1
349,704,2
349,705,2
350,713,1
351,713,1
352,704,2
353,714,0
353,712,2
353,716,2
353,37,2
353,704,2
353,38,0
353,724,1
353,705,2
354,713,1
355,782,2
356,782,2
357,762,1
357,774,2
358,704,2
359,704,2
360,704,2
361,760,0
361,714,0
361,716,1
361,723,0
362,714,0
362,715,0
362,736,1
362,704,2
362,724,1
363,714,0
363,716,2
363,777,0
363,37,2
363,30,2
363,38,0
363,724,0
363,705,2
364,704,2
365,712,2
366,704,2
367,704,2
368,704,2
369,783,1
369,714,0
369,712,2
369,784,2
369,736,0
369,716,0
369,749,2
369,785,2
369,786,0
369,787,2
369,36,0
369,788,2
369,789,2
369,790,2
369,791,2
369,30,1
369,704,2
369,38,2
369,792,2
369,705,2
369,723,0
369,793,2
369,29,2
369,794,2
370,704,2
371,704,2
372,36,0
372,731,1
372,732,1
373,36,0
373,731,1
373,732,1
374,36,0
374,731,1
374,732,1
375,36,0
375,731,1
375,732,1
376,704,2
377,713,1
377,705,2
378,704,2
379,720,2
379,713,1
379,721,0
379,705,2
380,704,1
380,710,1
381,704,2
382,726,2
383,713,1
383,705,2
384,713,1
384,704,2
384,705,2
385,705,2
386,704,2
387,718,2
388,713,1
388,704,2
388,705,2
389,712,2
18,795,2
18,38,2
390,712,2
390,704,2
391,713,1
391,704,1
391,710,1
392,704,2
393,713,1
393,705,2
394,713,1
395,713,1
396,704,1
396,710,1
397,29,2
398,704,2
399,31,1
400,704,2
401,704,2
402,713,1
402,704,2
403,704,2
404,705,2
405,705,2
406,714,0
406,716,2
406,37,2
406,38,0
406,724,1
406,705,2
407,704,2
408,720,2
408,721,0
409,704,2
410,727,2
410,728,0
411,29,2
412,713,1
412,705,2
413,713,1
413,705,2
414,713,1
414,704,2
415,704,2
416,796,2
417,704,2
418,713,1
418,705,2
419,797,2
420,716,0
420,797,2
421,734,2
422,734,2
423,31,1
424,36,0
424,731,1
424,732,1
425,704,2
426,712,2
427,704,2
428,724,1
429,36,0
429,731,1
429,732,1
430,704,2
431,704,1
431,710,1
432,31,1
433,720,2
433,721,0
434,790,1
435,704,2
436,727,2
436,728,0
437,712,2
437,725,0
438,720,2
438,721,0
439,720,2
439,721,0
440,751,0
440,752,0
441,31,0
441,788,2
441,751,2
441,752,2
442,36,0
442,731,1
442,732,1
443,31,1
443,727,2
443,728,0
444,720,2
444,727,2
444,721,0
444,728,0
445,713,1
445,704,2
446,714,0
446,716,2
446,37,2
446,704,2
446,38,0
446,724,1
446,705,2
447,704,2
448,704,2
449,714,0
449,712,2
449,716,2
449,36,0
449,37,2
449,704,2
449,38,0
449,731,1
449,724,1
449,732,1
449,705,2
450,704,2
451,36,0
451,731,1
451,732,1
452,31,2
452,39,2
453,712,2
453,704,2
454,714,0
454,715,1
454,736,0
454,704,0
455,706,0
455,733,1
455,708,0
455,704,1
455,734,1
456,704,0
457,706,0
457,733,1
457,708,0
457,704,1
457,734,1
458,704,1
458,705,2
458,710,1
459,704,1
459,710,1
460,712,2
460,725,0
460,713,1
461,720,2
461,721,0
462,712,2
462,713,1
462,704,2
463,714,0
463,716,2
463,37,2
463,704,2
463,38,0
463,724,1
463,705,2
464,712,2
465,709,1
466,725,2
466,798,2
467,727,2
467,728,0
468,713,1
468,704,2
469,704,2
470,714,0
470,712,2
470,725,0
470,716,2
470,37,2
470,704,2
470,38,0
470,724,1
470,705,2
471,712,2
471,725,0
472,714,0
472,716,2
472,37,2
472,704,2
472,38,0
472,724,1
472,705,2
473,714,2
473,715,0
473,716,0
473,37,0
473,38,0
474,706,0
474,707,2
474,708,0
474,704,0
474,709,1
474,710,2
475,704,2
476,712,2
476,727,0
476,704,2
477,704,2
478,712,2
478,725,0
478,704,2
479,704,2
480,713,1
480,705,2
481,709,1
482,704,2
482,710,1
483,705,2
484,713,1
484,704,2
485,704,2
485,705,2
486,36,0
486,731,1
486,732,1
487,709,1
488,714,0
488,716,0
488,37,0
488,704,0
488,38,0
488,799,0
489,704,2
490,712,2
490,727,2
490,704,2
490,728,0
490,710,0
491,712,2
491,704,2
491,710,0
492,704,2
492,710,0
493,704,2
493,710,0
494,712,2
494,704,2
494,705,2
495,709,1
496,704,2
497,727,2
497,704,1
497,728,0
497,710,1
498,31,1
499,712,2
499,704,2
500,734,2
501,712,2
501,725,0
502,31,1
502,713,1
503,713,1
504,704,1
504,710,1
505,712,2
505,725,0
505,713,1
505,704,2
505,705,2
506,704,2
507,713,1
508,714,2
508,712,2
508,725,0
508,716,0
508,37,2
508,704,0
508,38,0
508,705,2
509,704,1
509,710,1
510,727,2
510,728,0
511,713,1
511,704,2
511,705,2
511,710,1
512,713,1
512,704,2
512,705,2
513,31,1
514,714,0
514,716,2
514,37,2
514,38,0
514,724,1
514,705,2
515,714,0
515,716,2
515,37,2
515,38,0
515,724,1
515,705,2
516,714,0
516,716,2
516,37,2
516,38,0
516,724,1
516,705,2
517,712,2
518,714,0
518,712,2
518,725,0
518,716,2
518,37,2
518,704,2
518,38,0
518,724,1
518,705,2
519,713,1
520,712,2
520,725,0
520,704,2
521,714,0
521,712,2
521,726,2
521,716,2
521,37,2
521,704,2
521,38,0
521,724,1
521,705,2
522,726,2
523,726,2
524,726,2
525,726,2
526,727,2
526,704,2
526,728,0
527,760,0
527,714,0
527,716,0
527,723,0
528,800,1
528,29,1
529,704,2
530,713,1
531,704,2
532,705,2
533,718,2
534,709,1
535,720,2
535,721,0
536,705,2
537,713,1
537,704,1
537,705,2
537,710,1
538,704,2
539,31,1
540,714,0
540,716,2
540,37,2
540,704,2
540,38,0
540,724,1
540,705,2
540,735,1
541,714,0
541,716,2
541,37,2
541,704,2
541,38,0
541,724,1
541,705,2
542,36,0
542,731,1
542,732,1
543,706,0
543,707,2
543,708,0
543,704,0
543,709,1
543,710,2
544,712,2
544,713,1
544,704,2
545,704,2
546,727,2
546,728,0
547,712,2
547,725,0
547,713,1
547,727,2
547,728,0
548,713,1
548,704,2
549,704,2
549,710,0
550,709,1
551,704,2
552,712,2
552,725,0
552,704,2
553,713,1
553,704,2
553,709,1
553,705,2
554,705,2
555,704,2
555,709,1
556,705,2
557,706,0
557,707,2
557,708,0
557,704,0
557,709,1
557,710,2
558,704,2
559,713,1
559,704,2
560,714,0
560,716,0
560,37,1
560,704,0
560,38,0
560,765,2
561,712,2
562,712,2
563,712,2
564,704,2
565,712,2
566,712,2
567,712,2
568,712,2
569,712,2
570,712,2
571,704,2
572,704,2
573,704,2
574,704,2
575,704,2
576,704,2
577,704,2
578,704,2
579,713,1
580,706,0
580,733,1
580,712,2
580,708,0
580,704,2
580,734,1
581,713,1
581,705,2
582,718,2
583,724,2
584,712,2
585,713,1
585,705,2
586,31,1
587,705,2
588,704,2
589,713,1
589,705,2
590,713,1
590,704,2
590,705,2
591,704,2
592,705,1
593,712,2
593,704,2
593,734,1
593,29,1
594,705,2
595,36,0
595,731,1
595,732,1
596,712,2
596,725,0
597,712,2
597,725,0
598,713,1
598,705,2
599,712,2
599,725,0
600,712,2
600,725,0
601,712,2
601,725,0
602,713,1
602,704,2
603,705,2
604,706,0
604,707,2
604,708,0
604,704,2
604,709,1
604,710,2
605,704,2
606,31,1
607,713,1
607,705,2
608,713,1
609,727,2
609,728,0
610,717,1
610,704,2
611,31,1
612,36,0
612,731,1
612,732,1
613,31,1
613,729,0
613,714,0
613,712,2
613,716,0
613,37,0
613,704,2
613,730,2
613,724,1
614,713,1
614,704,1
614,710,1
615,704,2
616,706,0
616,707,2
616,708,0
616,704,0
616,709,1
616,710,2
617,712,2
617,704,2
618,704,2
619,704,2
620,704,2
621,714,0
621,712,2
621,725,0
621,716,2
621,37,2
621,704,2
621,38,0
621,724,1
621,705,2
622,31,1
623,713,1
623,705,2
624,720,2
624,721,0
625,709,1
626,704,2
626,705,2
627,704,2
628,712,2
628,725,0
628,704,2
629,704,1
629,705,2
629,710,1
630,704,2
630,709,1
631,713,1
631,705,2
632,713,1
632,704,2
633,704,2
634,713,1
634,704,2
635,720,2
635,721,0
636,760,0
636,714,0
636,715,0
636,736,0
636,716,0
636,704,0
637,801,2
638,714,0
638,715,0
638,736,0
638,711,1
638,790,0
638,704,2
638,802,1
639,789,0
640,704,2
641,31,1
641,713,1
641,705,2
642,709,1
643,31,1
643,704,2
644,705,2
645,704,1
645,710,1
646,704,1
646,710,1
647,704,2
648,704,2
649,720,2
649,712,2
649,713,1
649,721,0
649,704,2
650,705,2
651,713,1
651,704,2
652,714,0
652,716,2
652,37,2
652,38,0
652,724,1
652,705,2
653,774,2
654,704,2
655,713,1
656,803,0
657,704,2
658,704,2
659,704,2
660,704,2
661,704,2
662,713,1
662,704,2
662,705,2
663,713,1
663,705,2
664,713,1
664,704,2
664,709,1
664,705,2
665,714,0
665,716,2
665,37,2
665,38,0
665,724,1
665,705,2
666,705,2
667,718,2
668,713,1
668,704,2
668,710,1
669,704,2
670,704,2
671,704,2
672,718,2
673,704,2
674,704,2
675,714,0
675,715,0
675,736,0
675,704,0
676,713,1
677,760,0
677,716,0
678,709,1
679,709,1
680,709,1
681,713,1
682,713,1
683,709,1
684,712,2
684,704,2
684,710,1
685,704,2
686,706,0
686,733,1
686,708,0
686,704,2
686,734,1
686,710,1
687,712,2
687,725,0
688,712,2
688,725,0
688,704,2
688,710,1
689,31,1
689,712,2
689,713,1
689,704,2
690,712,2
690,713,1
690,705,2
691,31,1
691,704,2
691,705,2
692,713,1
692,704,2
692,705,2
693,713,1
693,704,2
693,705,2
694,704,2
695,705,2
696,714,0
696,716,2
696,37,2
696,38,0
696,705,2
697,31,1
698,704,2
699,704,2
700,704,2
700,709,1
701,713,1
701,704,2
701,705,2
702,712,2
702,725,0
702,36,0
702,731,1
702,732,1
703,705,2
